Year,Reference area,Sex,Value
2007,,,35.0
2008,,,31.7
2009,,,31.7
2010,,,33.7
2011,,,36.8
2012,,,38.0
2013,,,37.0
2014,,,30.6
2015,,,32.1
2016,,,25.4
2017,,,25.6
2018,,,22.4
2007,,Modeled,34.7
2008,,Modeled,31.4
2009,,Modeled,30.7
2010,,Modeled,32.7
2011,,Modeled,36.1
2012,,Modeled,37.2
2013,,Modeled,36.5
2014,,Modeled,29.7
2015,,Modeled,31.5
2016,,Modeled,25.0
2017,,Modeled,25.0
2018,,Modeled,22.5
2007,,Female,35.4
2008,,Female,32.1
2009,,Female,32.9
2010,,Female,34.8
2011,,Female,37.6
2012,,Female,39.0
2013,,Female,37.5
2014,,Female,31.5
2015,,Female,32.7
2016,,Female,25.7
2017,,Female,26.3
2018,,Female,22.2
2007,Batken,,40.4
2008,Batken,,20.7
2009,Batken,,31.5
2010,Batken,,33.6
2011,Batken,,35.6
2012,Batken,,34.2
2013,Batken,,53.9
2014,Batken,,40.7
2015,Batken,,41.2
2016,Batken,,37.0
2017,Batken,,40.5
2018,Batken,,33.8
2007,Batken,Modeled,41.3
2008,Batken,Modeled,22.4
2009,Batken,Modeled,31.3
2010,Batken,Modeled,31.9
2011,Batken,Modeled,34.2
2012,Batken,Modeled,34.6
2013,Batken,Modeled,53.6
2014,Batken,Modeled,39.0
2015,Batken,Modeled,40.9
2016,Batken,Modeled,36.1
2017,Batken,Modeled,39.6
2018,Batken,Modeled,33.7
2007,Batken,Female,39.4
2008,Batken,Female,18.8
2009,Batken,Female,31.7
2010,Batken,Female,35.6
2011,Batken,Female,37.3
2012,Batken,Female,33.8
2013,Batken,Female,54.1
2014,Batken,Female,42.4
2015,Batken,Female,41.4
2016,Batken,Female,38.0
2017,Batken,Female,41.5
2018,Batken,Female,33.9
2007,Jalal-Abad,,53.0
2008,Jalal-Abad,,40.1
2009,Jalal-Abad,,36.9
2010,Jalal-Abad,,44.7
2011,Jalal-Abad,,45.3
2012,Jalal-Abad,,55.7
2013,Jalal-Abad,,46.4
2014,Jalal-Abad,,46.4
2015,Jalal-Abad,,45.1
2016,Jalal-Abad,,32.2
2017,Jalal-Abad,,32.6
2018,Jalal-Abad,,32.2
2007,Jalal-Abad,Modeled,51.6
2008,Jalal-Abad,Modeled,37.9
2009,Jalal-Abad,Modeled,33.5
2010,Jalal-Abad,Modeled,43.7
2011,Jalal-Abad,Modeled,43.7
2012,Jalal-Abad,Modeled,55.3
2013,Jalal-Abad,Modeled,47.4
2014,Jalal-Abad,Modeled,47.0
2015,Jalal-Abad,Modeled,45.2
2016,Jalal-Abad,Modeled,33.1
2017,Jalal-Abad,Modeled,34.0
2018,Jalal-Abad,Modeled,33.4
2007,Jalal-Abad,Female,54.6
2008,Jalal-Abad,Female,42.4
2009,Jalal-Abad,Female,40.5
2010,Jalal-Abad,Female,45.8
2011,Jalal-Abad,Female,46.9
2012,Jalal-Abad,Female,56.1
2013,Jalal-Abad,Female,45.5
2014,Jalal-Abad,Female,45.8
2015,Jalal-Abad,Female,44.9
2016,Jalal-Abad,Female,31.4
2017,Jalal-Abad,Female,31.1
2018,Jalal-Abad,Female,30.9
2007,Issyk-Kul,,38.6
2008,Issyk-Kul,,52.2
2009,Issyk-Kul,,46.1
2010,Issyk-Kul,,38.0
2011,Issyk-Kul,,29.5
2012,Issyk-Kul,,28.1
2013,Issyk-Kul,,39.5
2014,Issyk-Kul,,26.0
2015,Issyk-Kul,,28.9
2016,Issyk-Kul,,24.7
2017,Issyk-Kul,,24.2
2018,Issyk-Kul,,21.5
2007,Issyk-Kul,Modeled,38.7
2008,Issyk-Kul,Modeled,52.2
2009,Issyk-Kul,Modeled,47.9
2010,Issyk-Kul,Modeled,36.9
2011,Issyk-Kul,Modeled,31.1
2012,Issyk-Kul,Modeled,28.2
2013,Issyk-Kul,Modeled,40.4
2014,Issyk-Kul,Modeled,26.4
2015,Issyk-Kul,Modeled,29.1
2016,Issyk-Kul,Modeled,24.7
2017,Issyk-Kul,Modeled,24.3
2018,Issyk-Kul,Modeled,21.5
2007,Issyk-Kul,Female,38.5
2008,Issyk-Kul,Female,52.3
2009,Issyk-Kul,Female,44.5
2010,Issyk-Kul,Female,39.0
2011,Issyk-Kul,Female,28.1
2012,Issyk-Kul,Female,28.0
2013,Issyk-Kul,Female,38.5
2014,Issyk-Kul,Female,25.7
2015,Issyk-Kul,Female,28.7
2016,Issyk-Kul,Female,24.7
2017,Issyk-Kul,Female,24.1
2018,Issyk-Kul,Female,21.6
2007,Naryn,,45.2
2008,Naryn,,42.7
2009,Naryn,,44.1
2010,Naryn,,53.5
2011,Naryn,,49.9
2012,Naryn,,39.9
2013,Naryn,,43.8
2014,Naryn,,30.6
2015,Naryn,,38.0
2016,Naryn,,37.8
2017,Naryn,,29.2
2018,Naryn,,30.6
2007,Naryn,Modeled,46.9
2008,Naryn,Modeled,42.7
2009,Naryn,Modeled,44.8
2010,Naryn,Modeled,53.4
2011,Naryn,Modeled,48.3
2012,Naryn,Modeled,37.7
2013,Naryn,Modeled,44.8
2014,Naryn,Modeled,32.4
2015,Naryn,Modeled,39.5
2016,Naryn,Modeled,39.6
2017,Naryn,Modeled,31.2
2018,Naryn,Modeled,31.6
2007,Naryn,Female,43.7
2008,Naryn,Female,42.8
2009,Naryn,Female,43.5
2010,Naryn,Female,53.7
2011,Naryn,Female,51.7
2012,Naryn,Female,42.4
2013,Naryn,Female,42.7
2014,Naryn,Female,28.6
2015,Naryn,Female,36.4
2016,Naryn,Female,35.9
2017,Naryn,Female,27.1
2018,Naryn,Female,29.5
2007,Osh,,46.6
2008,Osh,,37.5
2009,Osh,,38.3
2010,Osh,,41.9
2011,Osh,,44.7
2012,Osh,,51.4
2013,Osh,,43.4
2014,Osh,,31.7
2015,Osh,,28.9
2016,Osh,,22.0
2017,Osh,,14.3
2018,Osh,,14.8
2007,Osh,Modeled,48.7
2008,Osh,Modeled,37.9
2009,Osh,Modeled,38.3
2010,Osh,Modeled,40.6
2011,Osh,Modeled,44.2
2012,Osh,Modeled,50.6
2013,Osh,Modeled,42.7
2014,Osh,Modeled,30.5
2015,Osh,Modeled,28.4
2016,Osh,Modeled,21.8
2017,Osh,Modeled,12.9
2018,Osh,Modeled,15.3
2007,Osh,Female,44.3
2008,Osh,Female,36.9
2009,Osh,Female,38.2
2010,Osh,Female,43.2
2011,Osh,Female,45.2
2012,Osh,Female,52.4
2013,Osh,Female,44.2
2014,Osh,Female,33.1
2015,Osh,Female,29.5
2016,Osh,Female,22.3
2017,Osh,Female,15.7
2018,Osh,Female,14.3
2007,Talas,,35.3
2008,Talas,,43.0
2009,Talas,,33.0
2010,Talas,,42.3
2011,Talas,,50.2
2012,Talas,,39.6
2013,Talas,,23.1
2014,Talas,,19.0
2015,Talas,,21.5
2016,Talas,,18.1
2017,Talas,,20.7
2018,Talas,,22.1
2007,Talas,Modeled,35.5
2008,Talas,Modeled,45.4
2009,Talas,Modeled,35.7
2010,Talas,Modeled,44.3
2011,Talas,Modeled,51.4
2012,Talas,Modeled,42.2
2013,Talas,Modeled,23.3
2014,Talas,Modeled,19.7
2015,Talas,Modeled,22.6
2016,Talas,Modeled,19.1
2017,Talas,Modeled,21.4
2018,Talas,Modeled,23.8
2007,Talas,Female,34.9
2008,Talas,Female,40.0
2009,Talas,Female,29.8
2010,Talas,Female,40.1
2011,Talas,Female,48.8
2012,Talas,Female,36.7
2013,Talas,Female,22.8
2014,Talas,Female,18.4
2015,Talas,Female,20.4
2016,Talas,Female,17.1
2017,Talas,Female,19.9
2018,Talas,Female,20.3
2007,Chui,,15.0
2008,Chui,,15.8
2009,Chui,,21.2
2010,Chui,,21.9
2011,Chui,,28.6
2012,Chui,,16.6
2013,Chui,,23.6
2014,Chui,,21.6
2015,Chui,,24.8
2016,Chui,,30.3
2017,Chui,,33.3
2018,Chui,,15.6
2007,Chui,Modeled,13.3
2008,Chui,Modeled,14.9
2009,Chui,Modeled,20.6
2010,Chui,Modeled,21.8
2011,Chui,Modeled,31.6
2012,Chui,Modeled,16.3
2013,Chui,Modeled,23.5
2014,Chui,Modeled,20.8
2015,Chui,Modeled,24.2
2016,Chui,Modeled,29.8
2017,Chui,Modeled,32.3
2018,Chui,Modeled,15.5
2007,Chui,Female,16.8
2008,Chui,Female,16.7
2009,Chui,Female,21.9
2010,Chui,Female,21.9
2011,Chui,Female,25.3
2012,Chui,Female,16.8
2013,Chui,Female,23.7
2014,Chui,Female,22.4
2015,Chui,Female,25.4
2016,Chui,Female,30.9
2017,Chui,Female,34.4
2018,Chui,Female,15.7
2007,Bishkek (city),,5.0
2008,Bishkek (city),,15.2
2009,Bishkek (city),,13.2
2010,Bishkek (city),,7.9
2011,Bishkek (city),,18.4
2012,Bishkek (city),,21.4
2013,Bishkek (city),,20.4
2014,Bishkek (city),,17.6
2015,Bishkek (city),,23.5
2016,Bishkek (city),,9.8
2017,Bishkek (city),,15.9
2018,Bishkek (city),,15.4
2007,Bishkek (city),Modeled,5.0
2008,Bishkek (city),Modeled,14.6
2009,Bishkek (city),Modeled,12.7
2010,Bishkek (city),Modeled,7.3
2011,Bishkek (city),Modeled,17.1
2012,Bishkek (city),Modeled,19.9
2013,Bishkek (city),Modeled,18.4
2014,Bishkek (city),Modeled,15.8
2015,Bishkek (city),Modeled,22.2
2016,Bishkek (city),Modeled,8.9
2017,Bishkek (city),Modeled,14.3
2018,Bishkek (city),Modeled,14.7
2007,Bishkek (city),Female,5.0
2008,Bishkek (city),Female,16.0
2009,Bishkek (city),Female,14.0
2010,Bishkek (city),Female,8.7
2011,Bishkek (city),Female,20.0
2012,Bishkek (city),Female,23.3
2013,Bishkek (city),Female,22.8
2014,Bishkek (city),Female,19.9
2015,Bishkek (city),Female,25.2
2016,Bishkek (city),Female,10.9
2017,Bishkek (city),Female,17.9
2018,Bishkek (city),Female,16.3
2007,Osh (city),,0.0
2008,Osh (city),,0.0
2009,Osh (city),,0.0
2010,Osh (city),,0.0
2011,Osh (city),,0.0
2012,Osh (city),,0.0
2013,Osh (city),,40.9
2014,Osh (city),,33.4
2015,Osh (city),,38.3
2016,Osh (city),,24.6
2017,Osh (city),,33.5
2018,Osh (city),,35.5
2007,Osh (city),Modeled,0.0
2008,Osh (city),Modeled,0.0
2009,Osh (city),Modeled,0.0
2010,Osh (city),Modeled,0.0
2011,Osh (city),Modeled,0.0
2012,Osh (city),Modeled,0.0
2013,Osh (city),Modeled,40.2
2014,Osh (city),Modeled,32.0
2015,Osh (city),Modeled,35.8
2016,Osh (city),Modeled,23.2
2017,Osh (city),Modeled,30.9
2018,Osh (city),Modeled,33.9
2007,Osh (city),Female,0.0
2008,Osh (city),Female,0.0
2009,Osh (city),Female,0.0
2010,Osh (city),Female,0.0
2011,Osh (city),Female,0.0
2012,Osh (city),Female,0.0
2013,Osh (city),Female,41.6
2014,Osh (city),Female,35.0
2015,Osh (city),Female,41.0
2016,Osh (city),Female,26.2
2017,Osh (city),Female,36.4
2018,Osh (city),Female,37.3
