Year,Series,Value
2007,Number of pensioners who receive pensions below the subsistence level of the pensioner,313220.0
2008,Number of pensioners who receive pensions below the subsistence level of the pensioner,349682.0
2009,Number of pensioners who receive pensions below the subsistence level of the pensioner,274008.0
2010,Number of pensioners who receive pensions below the subsistence level of the pensioner,282009.0
2011,Number of pensioners who receive pensions below the subsistence level of the pensioner,136292.0
2012,Number of pensioners who receive pensions below the subsistence level of the pensioner,77413.0
2013,Number of pensioners who receive pensions below the subsistence level of the pensioner,180254.0
2014,Number of pensioners who receive pensions below the subsistence level of the pensioner,152940.0
2015,Number of pensioners who receive pensions below the subsistence level of the pensioner,132336.0
2016,Number of pensioners who receive pensions below the subsistence level of the pensioner,142943.0
2017,Number of pensioners who receive pensions below the subsistence level of the pensioner,135927.0
2018,Number of pensioners who receive pensions below the subsistence level of the pensioner,138265.0
2019,Number of pensioners who receive pensions below the subsistence level of the pensioner,147363.0
2007,Proportion of pensioners who receive pensions below the subsistence level of the pensioner to total population,5.968864
2008,Proportion of pensioners who receive pensions below the subsistence level of the pensioner to total population,6.611241000000001
2009,Proportion of pensioners who receive pensions below the subsistence level of the pensioner to total population,5.109426999999999
2010,Proportion of pensioners who receive pensions below the subsistence level of the pensioner to total population,5.204752
2011,Proportion of pensioners who receive pensions below the subsistence level of the pensioner to total population,2.488161
2012,Proportion of pensioners who receive pensions below the subsistence level of the pensioner to total population,1.394354
2013,Proportion of pensioners who receive pensions below the subsistence level of the pensioner to total population,3.1204330000000002
2014,Proportion of pensioners who receive pensions below the subsistence level of the pensioner to total population,2.594375
2015,Proportion of pensioners who receive pensions below the subsistence level of the pensioner to total population,2.1984619999999997
2016,Proportion of pensioners who receive pensions below the subsistence level of the pensioner to total population,2.327986
2017,Proportion of pensioners who receive pensions below the subsistence level of the pensioner to total population,2.1724930000000002
2018,Proportion of pensioners who receive pensions below the subsistence level of the pensioner to total population,2.163941
2019,Proportion of pensioners who receive pensions below the subsistence level of the pensioner to total population,2.259523
2007,Proportion of pensioners who receive pensions below the subsistence level of the pensioner to total number of pensioners,59.241298
2008,Proportion of pensioners who receive pensions below the subsistence level of the pensioner to total number of pensioners,61.233202
2009,Proportion of pensioners who receive pensions below the subsistence level of the pensioner to total number of pensioners,48.534186
2010,Proportion of pensioners who receive pensions below the subsistence level of the pensioner to total number of pensioners,49.060743
2011,Proportion of pensioners who receive pensions below the subsistence level of the pensioner to total number of pensioners,22.957535
2012,Proportion of pensioners who receive pensions below the subsistence level of the pensioner to total number of pensioners,12.62552
2013,Proportion of pensioners who receive pensions below the subsistence level of the pensioner to total number of pensioners,28.824314
2014,Proportion of pensioners who receive pensions below the subsistence level of the pensioner to total number of pensioners,24.113101999999998
2015,Proportion of pensioners who receive pensions below the subsistence level of the pensioner to total number of pensioners,20.458403
2016,Proportion of pensioners who receive pensions below the subsistence level of the pensioner to total number of pensioners,21.618658
2017,Proportion of pensioners who receive pensions below the subsistence level of the pensioner to total number of pensioners,20.190277
2018,Proportion of pensioners who receive pensions below the subsistence level of the pensioner to total number of pensioners,19.898854
2019,Proportion of pensioners who receive pensions below the subsistence level of the pensioner to total number of pensioners,20.5
