Year,SERIES,COMPOSITE_BREAKDOWN,Value
2015,Arable land,,1280.6
2016,Arable land,,1280.6
2017,Arable land,,1287.9
2018,Arable land,,1287.8
2019,Arable land,,1287.6
2020,Arable land,,1287.4
2021,Arable land,,1287.3
2022,Arable land,,1286.4
2015,Arable land for reasons of non-use,,90.0
2016,Arable land for reasons of non-use,,81.9
2017,Arable land for reasons of non-use,,74.8
2018,Arable land for reasons of non-use,,67.3
2019,Arable land for reasons of non-use,,63.3
2020,Arable land for reasons of non-use,,56.6
2021,Arable land for reasons of non-use,,53.7
2022,Arable land for reasons of non-use,,48.8
2015,Arable land for reasons of non-use,Cause of non-use: Salinization and waterlogging,5.0
2016,Arable land for reasons of non-use,Cause of non-use: Salinization and waterlogging,3.8
2017,Arable land for reasons of non-use,Cause of non-use: Salinization and waterlogging,3.3
2018,Arable land for reasons of non-use,Cause of non-use: Salinization and waterlogging,3.1
2019,Arable land for reasons of non-use,Cause of non-use: Salinization and waterlogging,2.8
2020,Arable land for reasons of non-use,Cause of non-use: Salinization and waterlogging,2.5
2021,Arable land for reasons of non-use,Cause of non-use: Salinization and waterlogging,2.2
2022,Arable land for reasons of non-use,Cause of non-use: Salinization and waterlogging,1.7
2015,Arable land for reasons of non-use,Cause of non-use: Lack of irrigation due to a malfunction of the irrigation network,13.8
2016,Arable land for reasons of non-use,Cause of non-use: Lack of irrigation due to a malfunction of the irrigation network,14.0
2017,Arable land for reasons of non-use,Cause of non-use: Lack of irrigation due to a malfunction of the irrigation network,12.0
2018,Arable land for reasons of non-use,Cause of non-use: Lack of irrigation due to a malfunction of the irrigation network,11.8
2019,Arable land for reasons of non-use,Cause of non-use: Lack of irrigation due to a malfunction of the irrigation network,11.1
2020,Arable land for reasons of non-use,Cause of non-use: Lack of irrigation due to a malfunction of the irrigation network,9.3
2021,Arable land for reasons of non-use,Cause of non-use: Lack of irrigation due to a malfunction of the irrigation network,8.5
2022,Arable land for reasons of non-use,Cause of non-use: Lack of irrigation due to a malfunction of the irrigation network,7.4
2015,Arable land for reasons of non-use,"Cause of non-use: Prone to natural disasters (landslides, mudslides)",0.4
2016,Arable land for reasons of non-use,"Cause of non-use: Prone to natural disasters (landslides, mudslides)",0.4
2017,Arable land for reasons of non-use,"Cause of non-use: Prone to natural disasters (landslides, mudslides)",1.0
2018,Arable land for reasons of non-use,"Cause of non-use: Prone to natural disasters (landslides, mudslides)",1.5
2019,Arable land for reasons of non-use,"Cause of non-use: Prone to natural disasters (landslides, mudslides)",0.5
2020,Arable land for reasons of non-use,"Cause of non-use: Prone to natural disasters (landslides, mudslides)",0.9
2021,Arable land for reasons of non-use,"Cause of non-use: Prone to natural disasters (landslides, mudslides)",1.0
2022,Arable land for reasons of non-use,"Cause of non-use: Prone to natural disasters (landslides, mudslides)",0.7
2015,Arable land for reasons of non-use,Cause of non-use: Economic inexpediency,44.4
2016,Arable land for reasons of non-use,Cause of non-use: Economic inexpediency,40.2
2017,Arable land for reasons of non-use,Cause of non-use: Economic inexpediency,36.5
2018,Arable land for reasons of non-use,Cause of non-use: Economic inexpediency,31.5
2019,Arable land for reasons of non-use,Cause of non-use: Economic inexpediency,31.7
2020,Arable land for reasons of non-use,Cause of non-use: Economic inexpediency,27.2
2021,Arable land for reasons of non-use,Cause of non-use: Economic inexpediency,26.2
2022,Arable land for reasons of non-use,Cause of non-use: Economic inexpediency,22.0
2015,Arable land for reasons of non-use,Cause of non-use: Remoteness and stony,16.5
2016,Arable land for reasons of non-use,Cause of non-use: Remoteness and stony,15.1
2017,Arable land for reasons of non-use,Cause of non-use: Remoteness and stony,13.7
2018,Arable land for reasons of non-use,Cause of non-use: Remoteness and stony,11.6
2019,Arable land for reasons of non-use,Cause of non-use: Remoteness and stony,10.2
2020,Arable land for reasons of non-use,Cause of non-use: Remoteness and stony,9.4
2021,Arable land for reasons of non-use,Cause of non-use: Remoteness and stony,8.4
2022,Arable land for reasons of non-use,Cause of non-use: Remoteness and stony,7.2
2015,Arable land for reasons of non-use,"Cause of non-use: Others (for industry, expansion of settlements and others)",9.9
2016,Arable land for reasons of non-use,"Cause of non-use: Others (for industry, expansion of settlements and others)",8.4
2017,Arable land for reasons of non-use,"Cause of non-use: Others (for industry, expansion of settlements and others)",8.26
2018,Arable land for reasons of non-use,"Cause of non-use: Others (for industry, expansion of settlements and others)",7.7
2019,Arable land for reasons of non-use,"Cause of non-use: Others (for industry, expansion of settlements and others)",7.0
2020,Arable land for reasons of non-use,"Cause of non-use: Others (for industry, expansion of settlements and others)",7.3
2021,Arable land for reasons of non-use,"Cause of non-use: Others (for industry, expansion of settlements and others)",7.4
2022,Arable land for reasons of non-use,"Cause of non-use: Others (for industry, expansion of settlements and others)",9.8
