Year,COMPOSITE_BREAKDOWN,Value
2012,Internet speed: 256 kbit/s to less than 2 Mbit/s,22233
2013,Internet speed: 256 kbit/s to less than 2 Mbit/s,77877
2014,Internet speed: 256 kbit/s to less than 2 Mbit/s,105680
2015,Internet speed: 256 kbit/s to less than 2 Mbit/s,46408
2016,Internet speed: 256 kbit/s to less than 2 Mbit/s,27317
2017,Internet speed: 256 kbit/s to less than 2 Mbit/s,27428
2018,Internet speed: 256 kbit/s to less than 2 Mbit/s,22654
2019,Internet speed: 256 kbit/s to less than 2 Mbit/s,20556
2020,Internet speed: 256 kbit/s to less than 2 Mbit/s,8075
2021,Internet speed: 256 kbit/s to less than 2 Mbit/s,7105
2022,Internet speed: 256 kbit/s to less than 2 Mbit/s,6333
2012,Internet speed: 2 Mbit/s to less than 10 Mbit/s,6530
2013,Internet speed: 2 Mbit/s to less than 10 Mbit/s,43943
2014,Internet speed: 2 Mbit/s to less than 10 Mbit/s,65345
2015,Internet speed: 2 Mbit/s to less than 10 Mbit/s,59377
2016,Internet speed: 2 Mbit/s to less than 10 Mbit/s,91834
2017,Internet speed: 2 Mbit/s to less than 10 Mbit/s,101786
2018,Internet speed: 2 Mbit/s to less than 10 Mbit/s,158296
2019,Internet speed: 2 Mbit/s to less than 10 Mbit/s,174988
2020,Internet speed: 2 Mbit/s to less than 10 Mbit/s,79553
2021,Internet speed: 2 Mbit/s to less than 10 Mbit/s,81079
2022,Internet speed: 2 Mbit/s to less than 10 Mbit/s,82675
2012,Internet speed: 10 Mbit/s or above,19351
2013,Internet speed: 10 Mbit/s or above,14065
2014,Internet speed: 10 Mbit/s or above,14032
2015,Internet speed: 10 Mbit/s or above,105739
2016,Internet speed: 10 Mbit/s or above,115047
2017,Internet speed: 10 Mbit/s or above,128799
2018,Internet speed: 10 Mbit/s or above,69662
2019,Internet speed: 10 Mbit/s or above,73547
2020,Internet speed: 10 Mbit/s or above,181557
2021,Internet speed: 10 Mbit/s or above,214139
2022,Internet speed: 10 Mbit/s or above,300853
