Year,Geographical area,Sex,Возраст,Value
2007,,,,0.08
2008,,,,0.1
2009,,,,0.12
2010,,,,0.1
2011,,,,0.11
2012,,,,0.13
2013,,,,0.08
2014,,,,0.1
2015,,,,0.1
2016,,,,0.12
2017,,,,0.13
2018,,,,0.13
2007,,Male,,0.11
2008,,Male,,0.14
2009,,Male,,0.19
2010,,Male,,0.14
2011,,Male,,0.15
2012,,Male,,0.16
2013,,Male,,0.1
2014,,Male,,0.12
2015,,Male,,0.11
2016,,Male,,0.14
2017,,Male,,0.15
2018,,Male,,0.16
2007,,Female,,0.04
2008,,Female,,0.07
2009,,Female,,0.06
2010,,Female,,0.06
2011,,Female,,0.06
2012,,Female,,0.11
2013,,Female,,0.07
2014,,Female,,0.09
2015,,Female,,0.09
2016,,Female,,0.1
2017,,Female,,0.11
2018,,Female,,0.1
2007,Batken Oblast,,,0.02
2008,Batken Oblast,,,0.04
2009,Batken Oblast,,,0.02
2010,Batken Oblast,,,0.01
2011,Batken Oblast,,,0.02
2012,Batken Oblast,,,0.04
2013,Batken Oblast,,,0.04
2014,Batken Oblast,,,0.07
2015,Batken Oblast,,,0.05
2016,Batken Oblast,,,0.03
2017,Batken Oblast,,,0.05
2018,Batken Oblast,,,0.04
2007,Batken Oblast,Male,,0.02
2008,Batken Oblast,Male,,0.04
2009,Batken Oblast,Male,,0.03
2010,Batken Oblast,Male,,0.01
2011,Batken Oblast,Male,,0.03
2012,Batken Oblast,Male,,0.04
2013,Batken Oblast,Male,,0.03
2014,Batken Oblast,Male,,0.07
2015,Batken Oblast,Male,,0.04
2016,Batken Oblast,Male,,0.04
2017,Batken Oblast,Male,,0.06
2018,Batken Oblast,Male,,0.05
2007,Batken Oblast,Female,,0.01
2008,Batken Oblast,Female,,0.03
2009,Batken Oblast,Female,,0.0
2010,Batken Oblast,Female,,0.01
2011,Batken Oblast,Female,,0.02
2012,Batken Oblast,Female,,0.04
2013,Batken Oblast,Female,,0.04
2014,Batken Oblast,Female,,0.08
2015,Batken Oblast,Female,,0.06
2016,Batken Oblast,Female,,0.03
2017,Batken Oblast,Female,,0.04
2018,Batken Oblast,Female,,0.04
2007,Джалал-Абадская область,,,0.04
2008,Джалал-Абадская область,,,0.07
2009,Джалал-Абадская область,,,0.06
2010,Джалал-Абадская область,,,0.06
2011,Джалал-Абадская область,,,0.05
2012,Джалал-Абадская область,,,0.09
2013,Джалал-Абадская область,,,0.05
2014,Джалал-Абадская область,,,0.07
2015,Джалал-Абадская область,,,0.08
2016,Джалал-Абадская область,,,0.06
2017,Джалал-Абадская область,,,0.1
2018,Джалал-Абадская область,,,0.06
2007,Джалал-Абадская область,Male,,0.05
2008,Джалал-Абадская область,Male,,0.08
2009,Джалал-Абадская область,Male,,0.07
2010,Джалал-Абадская область,Male,,0.06
2011,Джалал-Абадская область,Male,,0.06
2012,Джалал-Абадская область,Male,,0.09
2013,Джалал-Абадская область,Male,,0.04
2014,Джалал-Абадская область,Male,,0.08
2015,Джалал-Абадская область,Male,,0.08
2016,Джалал-Абадская область,Male,,0.08
2017,Джалал-Абадская область,Male,,0.1
2018,Джалал-Абадская область,Male,,0.06
2007,Джалал-Абадская область,Female,,0.04
2008,Джалал-Абадская область,Female,,0.06
2009,Джалал-Абадская область,Female,,0.05
2010,Джалал-Абадская область,Female,,0.06
2011,Джалал-Абадская область,Female,,0.04
2012,Джалал-Абадская область,Female,,0.01
2013,Джалал-Абадская область,Female,,0.05
2014,Джалал-Абадская область,Female,,0.07
2015,Джалал-Абадская область,Female,,0.08
2016,Джалал-Абадская область,Female,,0.04
2017,Джалал-Абадская область,Female,,0.11
2018,Джалал-Абадская область,Female,,0.06
2007,Иссык-Кульская область,,,0.0
2008,Иссык-Кульская область,,,0.03
2009,Иссык-Кульская область,,,0.03
2010,Иссык-Кульская область,,,0.02
2011,Иссык-Кульская область,,,0.05
2012,Иссык-Кульская область,,,0.03
2013,Иссык-Кульская область,,,0.03
2014,Иссык-Кульская область,,,0.06
2015,Иссык-Кульская область,,,0.07
2016,Иссык-Кульская область,,,0.08
2017,Иссык-Кульская область,,,0.09
2018,Иссык-Кульская область,,,0.06
2007,Иссык-Кульская область,Male,,0.01
2008,Иссык-Кульская область,Male,,0.03
2009,Иссык-Кульская область,Male,,0.04
2010,Иссык-Кульская область,Male,,0.04
2011,Иссык-Кульская область,Male,,0.07
2012,Иссык-Кульская область,Male,,0.04
2013,Иссык-Кульская область,Male,,0.03
2014,Иссык-Кульская область,Male,,0.06
2015,Иссык-Кульская область,Male,,0.09
2016,Иссык-Кульская область,Male,,0.09
2017,Иссык-Кульская область,Male,,0.12
2018,Иссык-Кульская область,Male,,0.09
2007,Иссык-Кульская область,Female,,0.0
2008,Иссык-Кульская область,Female,,0.02
2009,Иссык-Кульская область,Female,,0.01
2010,Иссык-Кульская область,Female,,
2011,Иссык-Кульская область,Female,,0.04
2012,Иссык-Кульская область,Female,,0.03
2013,Иссык-Кульская область,Female,,0.03
2014,Иссык-Кульская область,Female,,0.06
2015,Иссык-Кульская область,Female,,0.05
2016,Иссык-Кульская область,Female,,0.07
2017,Иссык-Кульская область,Female,,0.06
2018,Иссык-Кульская область,Female,,0.02
2007,Нарынская область,,,
2008,Нарынская область,,,0.0
2009,Нарынская область,,,0.01
2010,Нарынская область,,,0.02
2011,Нарынская область,,,0.09
2012,Нарынская область,,,0.05
2013,Нарынская область,,,0.04
2014,Нарынская область,,,0.09
2015,Нарынская область,,,0.07
2016,Нарынская область,,,0.09
2017,Нарынская область,,,0.12
2018,Нарынская область,,,0.02
2007,Нарынская область,Male,,
2008,Нарынская область,Male,,0.01
2009,Нарынская область,Male,,0.01
2010,Нарынская область,Male,,0.04
2011,Нарынская область,Male,,0.15
2012,Нарынская область,Male,,0.06
2013,Нарынская область,Male,,0.04
2014,Нарынская область,Male,,0.013
2015,Нарынская область,Male,,0.11
2016,Нарынская область,Male,,0.11
2017,Нарынская область,Male,,0.14
2018,Нарынская область,Male,,0.01
2007,Нарынская область,Female,,
2008,Нарынская область,Female,,
2009,Нарынская область,Female,,0.01
2010,Нарынская область,Female,,0.04
2011,Нарынская область,Female,,0.15
2012,Нарынская область,Female,,0.06
2013,Нарынская область,Female,,0.04
2014,Нарынская область,Female,,0.13
2015,Нарынская область,Female,,0.11
2016,Нарынская область,Female,,0.11
2017,Нарынская область,Female,,0.14
2018,Нарынская область,Female,,0.01
2007,Ошская область,,,0.1
2008,Ошская область,,,0.12
2009,Ошская область,,,0.11
2010,Ошская область,,,0.09
2011,Ошская область,,,0.09
2012,Ошская область,,,0.17
2013,Ошская область,,,0.06
2014,Ошская область,,,0.08
2015,Ошская область,,,0.08
2016,Ошская область,,,0.08
2017,Ошская область,,,0.08
2018,Ошская область,,,0.07
2007,Ошская область,Male,,0.12
2008,Ошская область,Male,,0.12
2009,Ошская область,Male,,0.11
2010,Ошская область,Male,,0.09
2011,Ошская область,Male,,0.09
2012,Ошская область,Male,,0.19
2013,Ошская область,Male,,0.06
2014,Ошская область,Male,,0.08
2015,Ошская область,Male,,0.08
2016,Ошская область,Male,,0.07
2017,Ошская область,Male,,0.08
2018,Ошская область,Male,,0.08
2007,Ошская область,Female,,0.07
2008,Ошская область,Female,,0.12
2009,Ошская область,Female,,0.11
2010,Ошская область,Female,,0.09
2011,Ошская область,Female,,0.09
2012,Ошская область,Female,,0.15
2013,Ошская область,Female,,0.06
2014,Ошская область,Female,,0.07
2015,Ошская область,Female,,0.08
2016,Ошская область,Female,,0.09
2017,Ошская область,Female,,0.09
2018,Ошская область,Female,,0.06
2007,Таласская область,,,0.01
2008,Таласская область,,,0.02
2009,Таласская область,,,0.03
2010,Таласская область,,,0.02
2011,Таласская область,,,0.04
2012,Таласская область,,,0.07
2013,Таласская область,,,0.05
2014,Таласская область,,,0.05
2015,Таласская область,,,0.06
2016,Таласская область,,,0.06
2017,Таласская область,,,0.06
2018,Таласская область,,,0.06
2007,Таласская область,Male,,0.02
2008,Таласская область,Male,,0.03
2009,Таласская область,Male,,0.04
2010,Таласская область,Male,,0.03
2011,Таласская область,Male,,0.07
2012,Таласская область,Male,,0.07
2013,Таласская область,Male,,0.04
2014,Таласская область,Male,,0.06
2015,Таласская область,Male,,0.06
2016,Таласская область,Male,,0.06
2017,Таласская область,Male,,0.06
2018,Таласская область,Male,,0.7
2007,Таласская область,Female,,0.01
2008,Таласская область,Female,,0.01
2009,Таласская область,Female,,0.02
2010,Таласская область,Female,,0.01
2011,Таласская область,Female,,0.02
2012,Таласская область,Female,,0.07
2013,Таласская область,Female,,0.05
2014,Таласская область,Female,,0.04
2015,Таласская область,Female,,0.05
2016,Таласская область,Female,,0.05
2017,Таласская область,Female,,0.06
2018,Таласская область,Female,,0.05
2007,Чуйская область,,,0.12
2008,Чуйская область,,,0.21
2009,Чуйская область,,,0.32
2010,Чуйская область,,,0.25
2011,Чуйская область,,,0.25
2012,Чуйская область,,,0.25
2013,Чуйская область,,,0.19
2014,Чуйская область,,,0.22
2015,Чуйская область,,,0.19
2016,Чуйская область,,,0.29
2017,Чуйская область,,,0.31
2018,Чуйская область,,,0.24
2007,Чуйская область,Male,,0.2
2008,Чуйская область,Male,,0.35
2009,Чуйская область,Male,,0.56
2010,Чуйская область,Male,,0.41
2011,Чуйская область,Male,,0.4
2012,Чуйская область,Male,,0.28
2013,Чуйская область,Male,,0.23
2014,Чуйская область,Male,,0.29
2015,Чуйская область,Male,,0.19
2016,Чуйская область,Male,,0.36
2017,Чуйская область,Male,,0.39
2018,Чуйская область,Male,,0.29
2007,Чуйская область,Female,,0.04
2008,Чуйская область,Female,,0.08
2009,Чуйская область,Female,,0.08
2010,Чуйская область,Female,,0.08
2011,Чуйская область,Female,,0.11
2012,Чуйская область,Female,,0.21
2013,Чуйская область,Female,,0.14
2014,Чуйская область,Female,,0.16
2015,Чуйская область,Female,,0.19
2016,Чуйская область,Female,,0.22
2017,Чуйская область,Female,,0.22
2018,Чуйская область,Female,,0.18
2007,г.Бишкек,,,0.06
2008,г.Бишкек,,,0.08
2009,г.Бишкек,,,0.09
2010,г.Бишкек,,,0.11
2011,г.Бишкек,,,0.12
2012,г.Бишкек,,,0.09
2013,г.Бишкек,,,0.11
2014,г.Бишкек,,,0.1
2015,г.Бишкек,,,0.12
2016,г.Бишкек,,,0.13
2017,г.Бишкек,,,0.13
2018,г.Бишкек,,,0.31
2007,г.Бишкек,Male,,0.08
2008,г.Бишкек,Male,,0.11
2009,г.Бишкек,Male,,0.15
2010,г.Бишкек,Male,,0.18
2011,г.Бишкек,Male,,0.21
2012,г.Бишкек,Male,,0.14
2013,г.Бишкек,Male,,0.17
2014,г.Бишкек,Male,,0.11
2015,г.Бишкек,Male,,0.17
2016,г.Бишкек,Male,,0.17
2017,г.Бишкек,Male,,0.19
2018,г.Бишкек,Male,,0.45
2007,г.Бишкек,Female,,0.03
2008,г.Бишкек,Female,,0.05
2009,г.Бишкек,Female,,0.04
2010,г.Бишкек,Female,,0.05
2011,г.Бишкек,Female,,0.05
2012,г.Бишкек,Female,,0.04
2013,г.Бишкек,Female,,0.05
2014,г.Бишкек,Female,,0.09
2015,г.Бишкек,Female,,0.09
2016,г.Бишкек,Female,,0.1
2017,г.Бишкек,Female,,0.08
2018,г.Бишкек,Female,,0.019
2007,г.Ош,,,0.34
2008,г.Ош,,,0.24
2009,г.Ош,,,0.5
2010,г.Ош,,,0.3
2011,г.Ош,,,0.23
2012,г.Ош,,,0.26
2013,г.Ош,,,0.19
2014,г.Ош,,,0.21
2015,г.Ош,,,0.15
2016,г.Ош,,,0.19
2017,г.Ош,,,0.15
2018,г.Ош,,,0.17
2007,г.Ош,Male,,0.58
2008,г.Ош,Male,,0.38
2009,г.Ош,Male,,0.75
2010,г.Ош,Male,,0.42
2011,г.Ош,Male,,0.31
2012,г.Ош,Male,,0.31
2013,г.Ош,Male,,0.19
2014,г.Ош,Male,,0.19
2015,г.Ош,Male,,0.18
2016,г.Ош,Male,,0.19
2017,г.Ош,Male,,0.16
2018,г.Ош,Male,,0.18
2007,г.Ош,Female,,0.13
2008,г.Ош,Female,,0.12
2009,г.Ош,Female,,0.26
2010,г.Ош,Female,,0.18
2011,г.Ош,Female,,0.17
2012,г.Ош,Female,,0.21
2013,г.Ош,Female,,0.19
2014,г.Ош,Female,,0.23
2015,г.Ош,Female,,0.12
2016,г.Ош,Female,,0.19
2017,г.Ош,Female,,0.14
2018,г.Ош,Female,,0.15
2007,,,0-14 лет,0.03
2008,,,0-14 лет,0.06
2009,,,0-14 лет,0.03
2010,,,0-14 лет,0.03
2011,,,0-14 лет,0.03
2012,,,0-14 лет,0.09
2013,,,0-14 лет,0.01
2014,,,0-14 лет,0.02
2015,,,0-14 лет,0.02
2016,,,0-14 лет,0.02
2017,,,0-14 лет,0.02
2018,,,0-14 лет,0.02
2007,,,15-24 лет,0.12
2008,,,15-24 лет,0.15
2009,,,15-24 лет,0.21
2010,,,15-24 лет,0.17
2011,,,15-24 лет,0.18
2012,,,15-24 лет,0.18
2013,,,15-24 лет,0.15
2014,,,15-24 лет,0.17
2015,,,15-24 лет,0.17
2016,,,15-24 лет,0.2
2017,,,15-24 лет,0.22
2018,,,15-24 лет,0.22
2007,,,25 и старше,0.12
2008,,,25 и старше,0.15
2009,,,25 и старше,0.21
2010,,,25 и старше,0.17
2011,,,25 и старше,0.18
2012,,,25 и старше,0.18
2013,,,25 и старше,0.15
2014,,,25 и старше,0.17
2015,,,25 и старше,0.17
2016,,,25 и старше,0.2
2017,,,25 и старше,0.22
2018,,,25 и старше,0.22
