Year,Reference area,Sex,Value
2010,,,53.8
2013,,,31.2
2014,,,27.4
2015,,,23.5
2016,,,28.4
2017,,,23.0
2018,,,18.6
2019,,,18.446484
2020,,,15.121199
2010,,Female,13.1
2013,,Female,7.4
2014,,Female,5.7
2015,,Female,5.6
2016,,Female,6.4
2017,,Female,6.8
2018,,Female,4.0
2019,,Female,4.918696
2020,,Female,4.041802
2010,,Male,95.6
2013,,Male,55.6
2014,,Male,49.5
2015,,Male,41.8
2016,,Male,50.8
2017,,Male,39.5
2018,,Male,33.5
2019,,Male,32.182344
2020,,Male,26.038712
2010,Batken,,27.4
2013,Batken,,27.4
2014,Batken,,22.1
2015,Batken,,14.0
2016,Batken,,15.9
2017,Batken,,12.2
2018,Batken,,6.9
2019,Batken,,7.71772
2020,Batken,,6.632204
2010,Batken,Female,1.9
2013,Batken,Female,0.4
2014,Batken,Female,0.4
2015,Batken,Female,0.8
2016,Batken,Female,0.4
2017,Batken,Female,0.8
2018,Batken,Female,0.8
2019,Batken,Female,1.918612
2020,Batken,Female,0.723374
2010,Batken,Male,52.2
2013,Batken,Male,53.4
2014,Batken,Male,43.1
2015,Batken,Male,26.7
2016,Batken,Male,30.8
2017,Batken,Male,23.2
2018,Batken,Male,12.9
2019,Batken,Male,13.301803
2020,Batken,Male,12.766405
2010,Jalal-Abad,,17.2
2013,Jalal-Abad,,14.2
2014,Jalal-Abad,,14.3
2015,Jalal-Abad,,10.7
2016,Jalal-Abad,,10.0
2017,Jalal-Abad,,9.5
2018,Jalal-Abad,,6.8
2019,Jalal-Abad,,4.565495
2020,Jalal-Abad,,3.440873
2010,Jalal-Abad,Female,1.2
2013,Jalal-Abad,Female,0.9
2014,Jalal-Abad,Female,1.4
2015,Jalal-Abad,Female,1.4
2016,Jalal-Abad,Female,1.2
2017,Jalal-Abad,Female,1.7
2018,Jalal-Abad,Female,1.3
2019,Jalal-Abad,Female,0.4923
2020,Jalal-Abad,Female,0.31798
2010,Jalal-Abad,Male,33.2
2013,Jalal-Abad,Male,27.3
2014,Jalal-Abad,Male,27.1
2015,Jalal-Abad,Male,19.8
2016,Jalal-Abad,Male,18.7
2017,Jalal-Abad,Male,17.2
2018,Jalal-Abad,Male,12.2
2019,Jalal-Abad,Male,8.587057
2020,Jalal-Abad,Male,6.605318
2010,Issyk-Kul,,19.0
2013,Issyk-Kul,,21.5
2014,Issyk-Kul,,14.3
2015,Issyk-Kul,,17.6
2016,Issyk-Kul,,16.5
2017,Issyk-Kul,,13.3
2018,Issyk-Kul,,3.7
2019,Issyk-Kul,,6.086341
2020,Issyk-Kul,,3.807684
2010,Issyk-Kul,Female,3.1
2013,Issyk-Kul,Female,3.0
2014,Issyk-Kul,Female,3.9
2015,Issyk-Kul,Female,8.5
2016,Issyk-Kul,Female,1.7
2017,Issyk-Kul,Female,2.9
2018,Issyk-Kul,Female,1.2
2019,Issyk-Kul,Female,1.21241
2020,Issyk-Kul,Female,0.402445
2010,Issyk-Kul,Male,35.1
2013,Issyk-Kul,Male,40.2
2014,Issyk-Kul,Male,24.9
2015,Issyk-Kul,Male,26.7
2016,Issyk-Kul,Male,31.4
2017,Issyk-Kul,Male,23.9
2018,Issyk-Kul,Male,6.2
2019,Issyk-Kul,Male,10.999487
2020,Issyk-Kul,Male,7.185342
2010,Naryn,,31.1
2013,Naryn,,37.4
2014,Naryn,,43.6
2015,Naryn,,20.3
2016,Naryn,,36.5
2017,Naryn,,23.0
2018,Naryn,,16.1
2019,Naryn,,23.23686
2020,Naryn,,21.314558
2010,Naryn,Female,5.4
2013,Naryn,Female,7.5
2014,Naryn,Female,11.2
2015,Naryn,Female,5.1
2016,Naryn,Female,13.8
2017,Naryn,Female,9.4
2018,Naryn,Female,2.1
2019,Naryn,Female,3.532046
2020,Naryn,Female,6.076524
2010,Naryn,Male,56.0
2013,Naryn,Male,66.5
2014,Naryn,Male,75.1
2015,Naryn,Male,35.0
2016,Naryn,Male,58.5
2017,Naryn,Male,36.2
2018,Naryn,Male,29.6
2019,Naryn,Male,42.241814
2020,Naryn,Male,37.122645
2010,Osh,,35.0
2013,Osh,,27.2
2014,Osh,,24.7
2015,Osh,,29.3
2016,Osh,,25.1
2017,Osh,,26.2
2018,Osh,,23.2
2019,Osh,,20.960059
2020,Osh,,17.175755
2010,Osh,Female,2.9
2013,Osh,Female,3.4
2014,Osh,Female,1.3
2015,Osh,Female,2.9
2016,Osh,Female,3.6
2017,Osh,Female,4.2
2018,Osh,Female,2.1
2019,Osh,Female,1.940293
2020,Osh,Female,1.86318
2010,Osh,Male,66.7
2013,Osh,Male,50.7
2014,Osh,Male,47.7
2015,Osh,Male,55.2
2016,Osh,Male,46.2
2017,Osh,Male,47.8
2018,Osh,Male,43.8
2019,Osh,Male,39.564585
2020,Osh,Male,32.838797
2010,Talas,,43.0
2013,Talas,,40.2
2014,Talas,,41.6
2015,Talas,,18.9
2016,Talas,,24.5
2017,Talas,,40.1
2018,Talas,,26.0
2019,Talas,,27.882862
2020,Talas,,26.748199
2010,Talas,Female,2.6
2013,Talas,Female,5.0
2014,Talas,Female,7.4
2015,Talas,Female,4.0
2016,Talas,Female,8.0
2017,Talas,Female,7.1
2018,Talas,Female,3.1
2019,Talas,Female,5.334837
2020,Talas,Female,8.819185
2010,Talas,Male,83.1
2013,Talas,Male,74.9
2014,Talas,Male,75.2
2015,Talas,Male,33.4
2016,Talas,Male,40.7
2017,Talas,Male,72.4
2018,Talas,Male,48.5
2019,Talas,Male,49.93181
2020,Talas,Male,45.075501
2010,Chui,,60.6
2013,Chui,,51.1
2014,Chui,,36.0
2015,Chui,,30.0
2016,Chui,,50.5
2017,Chui,,32.8
2018,Chui,,26.4
2019,Chui,,32.298484
2020,Chui,,22.637203
2010,Chui,Female,20.1
2013,Chui,Female,16.1
2014,Chui,Female,10.5
2015,Chui,Female,10.5
2016,Chui,Female,16.3
2017,Chui,Female,12.1
2018,Chui,Female,8.2
2019,Chui,Female,13.268429
2020,Chui,Female,6.507574
2010,Chui,Male,102.6
2013,Chui,Male,87.2
2014,Chui,Male,62.2
2015,Chui,Male,50.1
2016,Chui,Male,85.9
2017,Chui,Male,54.3
2018,Chui,Male,45.1
2019,Chui,Male,51.905221
2020,Chui,Male,38.28406
2010,Bishkek (city),,164.9
2013,Bishkek (city),,44.7
2014,Bishkek (city),,40.7
2015,Bishkek (city),,36.4
2016,Bishkek (city),,48.6
2017,Bishkek (city),,35.1
2018,Bishkek (city),,29.7
2019,Bishkek (city),,29.118376
2020,Bishkek (city),,23.966278
2010,Bishkek (city),Female,50.1
2013,Bishkek (city),Female,19.0
2014,Bishkek (city),Female,13.1
2015,Bishkek (city),Female,11.1
2016,Bishkek (city),Female,10.8
2017,Bishkek (city),Female,16.5
2018,Bishkek (city),Female,9.1
2019,Bishkek (city),Female,9.227646
2020,Bishkek (city),Female,11.409881
2010,Bishkek (city),Male,297.5
2013,Bishkek (city),Male,74.3
2014,Bishkek (city),Male,72.3
2015,Bishkek (city),Male,65.3
2016,Bishkek (city),Male,91.6
2017,Bishkek (city),Male,56.3
2018,Bishkek (city),Male,53.0
2019,Bishkek (city),Male,51.650669
2020,Bishkek (city),Male,35.079762
2010,Osh (city),,29.9
2013,Osh (city),,18.3
2014,Osh (city),,22.0
2015,Osh (city),,19.8
2016,Osh (city),,16.9
2017,Osh (city),,11.6
2018,Osh (city),,25.2
2019,Osh (city),,9.477341
2020,Osh (city),,16.385849
2010,Osh (city),Female,4.5
2013,Osh (city),Female,2.9
2014,Osh (city),Female,5.8
2015,Osh (city),Female,2.8
2016,Osh (city),Female,2.1
2017,Osh (city),Female,2.0
2018,Osh (city),Female,4.0
2019,Osh (city),Female,3.171502
2020,Osh (city),Female,3.244836
2010,Osh (city),Male,57.5
2013,Osh (city),Male,34.8
2014,Osh (city),Male,39.6
2015,Osh (city),Male,38.0
2016,Osh (city),Male,32.7
2017,Osh (city),Male,21.8
2018,Osh (city),Male,47.8
2019,Osh (city),Male,16.179157
2020,Osh (city),Male,28.789141
