Year,Reference area,GeoCode,Value
2016,,,96.5
2017,,,97.8
2018,,,99.1
2019,,,96.0
2020,,,96.5
2021,,,97.8
2016,Batken,KG05,97.9
2017,Batken,KG05,99.1
2018,Batken,KG05,96.5
2019,Batken,KG05,98.8
2020,Batken,KG05,98.5
2021,Batken,KG05,97.9
2016,Jalal-Abad,KG03,94.4
2017,Jalal-Abad,KG03,97.1
2018,Jalal-Abad,KG03,97.6
2019,Jalal-Abad,KG03,95.1
2020,Jalal-Abad,KG03,96.8
2021,Jalal-Abad,KG03,96.8
2016,Issyk-Kul,KG02,95.8
2017,Issyk-Kul,KG02,97.1
2018,Issyk-Kul,KG02,99.4
2019,Issyk-Kul,KG02,91.1
2020,Issyk-Kul,KG02,92.3
2021,Issyk-Kul,KG02,97.0
2016,Naryn,KG04,94.9
2017,Naryn,KG04,93.7
2018,Naryn,KG04,95.5
2019,Naryn,KG04,94.7
2020,Naryn,KG04,96.6
2021,Naryn,KG04,95.5
2016,Osh,KG06,92.4
2017,Osh,KG06,94.8
2018,Osh,KG06,94.2
2019,Osh,KG06,96.1
2020,Osh,KG06,96.3
2021,Osh,KG06,97.1
2016,Talas,KG07,95.3
2017,Talas,KG07,94.7
2018,Talas,KG07,95.5
2019,Talas,KG07,95.7
2020,Talas,KG07,94.7
2021,Talas,KG07,96.0
2016,Chui,KG08,98.0
2017,Chui,KG08,97.5
2018,Chui,KG08,99.4
2019,Chui,KG08,89.0
2020,Chui,KG08,94.7
2021,Chui,KG08,97.6
2016,Bishkek (city),KG11,104.91
2017,Bishkek (city),KG11,105.21
2018,Bishkek (city),KG11,110.61
2019,Bishkek (city),KG11,104.01
2020,Bishkek (city),KG11,98.8
2021,Bishkek (city),KG11,100.0
2016,Osh (city),KG21,95.4
2017,Osh (city),KG21,117.51
2018,Osh (city),KG21,106.51
2019,Osh (city),KG21,103.71
2020,Osh (city),KG21,98.8
2021,Osh (city),KG21,101.0
