Year,Sex,Age,Education level,Value
2010,,15 to 17 years old,Secondary and post-secondary non-tertiary education (intermediate),9.0
2013,,15 to 17 years old,Secondary and post-secondary non-tertiary education (intermediate),9.4
2014,,15 to 17 years old,Secondary and post-secondary non-tertiary education (intermediate),9.3
2015,,15 to 17 years old,Secondary and post-secondary non-tertiary education (intermediate),9.5
2016,,15 to 17 years old,Secondary and post-secondary non-tertiary education (intermediate),10.4
2017,,15 to 17 years old,Secondary and post-secondary non-tertiary education (intermediate),10.9
2018,,15 to 17 years old,Secondary and post-secondary non-tertiary education (intermediate),10.1
2019,,15 to 17 years old,Secondary and post-secondary non-tertiary education (intermediate),9.5
2020,,15 to 17 years old,Secondary and post-secondary non-tertiary education (intermediate),10.0
2021,,15 to 17 years old,Secondary and post-secondary non-tertiary education (intermediate),10.8
2022,,15 to 17 years old,Secondary and post-secondary non-tertiary education (intermediate),9.224469
2010,Female,15 to 17 years old,Secondary and post-secondary non-tertiary education (intermediate),5.4
2013,Female,15 to 17 years old,Secondary and post-secondary non-tertiary education (intermediate),6.0
2014,Female,15 to 17 years old,Secondary and post-secondary non-tertiary education (intermediate),5.6
2015,Female,15 to 17 years old,Secondary and post-secondary non-tertiary education (intermediate),5.8
2016,Female,15 to 17 years old,Secondary and post-secondary non-tertiary education (intermediate),6.3
2017,Female,15 to 17 years old,Secondary and post-secondary non-tertiary education (intermediate),6.9
2018,Female,15 to 17 years old,Secondary and post-secondary non-tertiary education (intermediate),6.2
2019,Female,15 to 17 years old,Secondary and post-secondary non-tertiary education (intermediate),5.9
2020,Female,15 to 17 years old,Secondary and post-secondary non-tertiary education (intermediate),6.4
2021,Female,15 to 17 years old,Secondary and post-secondary non-tertiary education (intermediate),5.2
2022,Female,15 to 17 years old,Secondary and post-secondary non-tertiary education (intermediate),4.606854
2010,Male,15 to 17 years old,Secondary and post-secondary non-tertiary education (intermediate),12.5
2013,Male,15 to 17 years old,Secondary and post-secondary non-tertiary education (intermediate),12.6
2014,Male,15 to 17 years old,Secondary and post-secondary non-tertiary education (intermediate),12.9
2015,Male,15 to 17 years old,Secondary and post-secondary non-tertiary education (intermediate),13.1
2016,Male,15 to 17 years old,Secondary and post-secondary non-tertiary education (intermediate),14.3
2017,Male,15 to 17 years old,Secondary and post-secondary non-tertiary education (intermediate),14.7
2018,Male,15 to 17 years old,Secondary and post-secondary non-tertiary education (intermediate),13.9
2019,Male,15 to 17 years old,Secondary and post-secondary non-tertiary education (intermediate),13.1
2020,Male,15 to 17 years old,Secondary and post-secondary non-tertiary education (intermediate),13.5
2021,Male,15 to 17 years old,Secondary and post-secondary non-tertiary education (intermediate),16.2
2022,Male,15 to 17 years old,Secondary and post-secondary non-tertiary education (intermediate),13.54391
2010,,17 to 20 years old,Short-cycle tertiary education,13.6
2013,,17 to 20 years old,Short-cycle tertiary education,20.3
2014,,17 to 20 years old,Short-cycle tertiary education,21.8
2015,,17 to 20 years old,Short-cycle tertiary education,21.1
2016,,17 to 20 years old,Short-cycle tertiary education,22.0
2017,,17 to 20 years old,Short-cycle tertiary education,22.8
2018,,17 to 20 years old,Short-cycle tertiary education,23.1
2019,,17 to 20 years old,Short-cycle tertiary education,23.4
2020,,17 to 20 years old,Short-cycle tertiary education,24.3
2021,,17 to 20 years old,Short-cycle tertiary education,24.2
2022,,17 to 20 years old,Short-cycle tertiary education,24.703328
2010,Female,17 to 20 years old,Short-cycle tertiary education,16.0
2013,Female,17 to 20 years old,Short-cycle tertiary education,23.8
2014,Female,17 to 20 years old,Short-cycle tertiary education,24.3
2015,Female,17 to 20 years old,Short-cycle tertiary education,24.2
2016,Female,17 to 20 years old,Short-cycle tertiary education,25.2
2017,Female,17 to 20 years old,Short-cycle tertiary education,26.4
2018,Female,17 to 20 years old,Short-cycle tertiary education,26.4
2019,Female,17 to 20 years old,Short-cycle tertiary education,26.8
2020,Female,17 to 20 years old,Short-cycle tertiary education,27.8
2021,Female,17 to 20 years old,Short-cycle tertiary education,27.6
2022,Female,17 to 20 years old,Short-cycle tertiary education,28.608474
2010,Male,17 to 20 years old,Short-cycle tertiary education,11.2
2013,Male,17 to 20 years old,Short-cycle tertiary education,16.8
2014,Male,17 to 20 years old,Short-cycle tertiary education,18.0
2015,Male,17 to 20 years old,Short-cycle tertiary education,18.0
2016,Male,17 to 20 years old,Short-cycle tertiary education,18.8
2017,Male,17 to 20 years old,Short-cycle tertiary education,19.3
2018,Male,17 to 20 years old,Short-cycle tertiary education,19.9
2019,Male,17 to 20 years old,Short-cycle tertiary education,20.1
2020,Male,17 to 20 years old,Short-cycle tertiary education,20.9
2021,Male,17 to 20 years old,Short-cycle tertiary education,20.9
2022,Male,17 to 20 years old,Short-cycle tertiary education,20.904451
2010,,17 to 24 years old,Tertiary education (Bachelor’s and Master's or equivalent),24.3
2013,,17 to 24 years old,Tertiary education (Bachelor’s and Master's or equivalent),24.3
2014,,17 to 24 years old,Tertiary education (Bachelor’s and Master's or equivalent),23.8
2015,,17 to 24 years old,Tertiary education (Bachelor’s and Master's or equivalent),22.6
2016,,17 to 24 years old,Tertiary education (Bachelor’s and Master's or equivalent),20.2
2017,,17 to 24 years old,Tertiary education (Bachelor’s and Master's or equivalent),19.1
2018,,17 to 24 years old,Tertiary education (Bachelor’s and Master's or equivalent),19.8
2019,,17 to 24 years old,Tertiary education (Bachelor’s and Master's or equivalent),22.6
2020,,17 to 24 years old,Tertiary education (Bachelor’s and Master's or equivalent),26.7
2021,,17 to 24 years old,Tertiary education (Bachelor’s and Master's or equivalent),28.5
2022,,17 to 24 years old,Tertiary education (Bachelor’s and Master's or equivalent),26.720095
2010,Female,17 to 24 years old,Tertiary education (Bachelor’s and Master's or equivalent),26.3
2013,Female,17 to 24 years old,Tertiary education (Bachelor’s and Master's or equivalent),26.7
2014,Female,17 to 24 years old,Tertiary education (Bachelor’s and Master's or equivalent),26.5
2015,Female,17 to 24 years old,Tertiary education (Bachelor’s and Master's or equivalent),24.6
2016,Female,17 to 24 years old,Tertiary education (Bachelor’s and Master's or equivalent),22.2
2017,Female,17 to 24 years old,Tertiary education (Bachelor’s and Master's or equivalent),20.6
2018,Female,17 to 24 years old,Tertiary education (Bachelor’s and Master's or equivalent),21.3
2019,Female,17 to 24 years old,Tertiary education (Bachelor’s and Master's or equivalent),24.0
2020,Female,17 to 24 years old,Tertiary education (Bachelor’s and Master's or equivalent),28.4
2021,Female,17 to 24 years old,Tertiary education (Bachelor’s and Master's or equivalent),29.7
2022,Female,17 to 24 years old,Tertiary education (Bachelor’s and Master's or equivalent),27.704327
2010,Male,17 to 24 years old,Tertiary education (Bachelor’s and Master's or equivalent),22.4
2013,Male,17 to 24 years old,Tertiary education (Bachelor’s and Master's or equivalent),21.8
2014,Male,17 to 24 years old,Tertiary education (Bachelor’s and Master's or equivalent),21.2
2015,Male,17 to 24 years old,Tertiary education (Bachelor’s and Master's or equivalent),20.6
2016,Male,17 to 24 years old,Tertiary education (Bachelor’s and Master's or equivalent),18.3
2017,Male,17 to 24 years old,Tertiary education (Bachelor’s and Master's or equivalent),17.4
2018,Male,17 to 24 years old,Tertiary education (Bachelor’s and Master's or equivalent),18.3
2019,Male,17 to 24 years old,Tertiary education (Bachelor’s and Master's or equivalent),21.2
2020,Male,17 to 24 years old,Tertiary education (Bachelor’s and Master's or equivalent),25.0
2021,Male,17 to 24 years old,Tertiary education (Bachelor’s and Master's or equivalent),27.5
2022,Male,17 to 24 years old,Tertiary education (Bachelor’s and Master's or equivalent),25.731792
