Year,SERIES,Reference area,Sex,Value
2007,Non-fatal occupational injuries among employees (rate),,,27.716013
2008,Non-fatal occupational injuries among employees (rate),,,32.316212
2009,Non-fatal occupational injuries among employees (rate),,,24.233586
2010,Non-fatal occupational injuries among employees (rate),,,90.112821
2011,Non-fatal occupational injuries among employees (rate),,,27.924874
2012,Non-fatal occupational injuries among employees (rate),,,27.025061
2013,Non-fatal occupational injuries among employees (rate),,,38.431743
2014,Non-fatal occupational injuries among employees (rate),,,29.216361
2015,Non-fatal occupational injuries among employees (rate),,,22.079153
2016,Non-fatal occupational injuries among employees (rate),,,24.463597
2017,Non-fatal occupational injuries among employees (rate),,,17.014573
2018,Non-fatal occupational injuries among employees (rate),,,25.028299
2019,Non-fatal occupational injuries among employees (rate),,,21.813169
2020,Non-fatal occupational injuries among employees (rate),,,31.006658
2007,Non-fatal occupational injuries among employees (rate),,Female,15.549077
2008,Non-fatal occupational injuries among employees (rate),,Female,13.157949
2009,Non-fatal occupational injuries among employees (rate),,Female,10.590847
2010,Non-fatal occupational injuries among employees (rate),,Female,19.815059
2011,Non-fatal occupational injuries among employees (rate),,Female,10.078654
2012,Non-fatal occupational injuries among employees (rate),,Female,12.820667
2013,Non-fatal occupational injuries among employees (rate),,Female,16.056764
2014,Non-fatal occupational injuries among employees (rate),,Female,15.507042
2015,Non-fatal occupational injuries among employees (rate),,Female,8.391925
2016,Non-fatal occupational injuries among employees (rate),,Female,16.384907
2017,Non-fatal occupational injuries among employees (rate),,Female,13.60476
2018,Non-fatal occupational injuries among employees (rate),,Female,14.914402
2019,Non-fatal occupational injuries among employees (rate),,Female,12.801351
2020,Non-fatal occupational injuries among employees (rate),,Female,12.36107
2007,Non-fatal occupational injuries among employees (rate),,Male,41.775785
2008,Non-fatal occupational injuries among employees (rate),,Male,52.283772
2009,Non-fatal occupational injuries among employees (rate),,Male,38.855636
2010,Non-fatal occupational injuries among employees (rate),,Male,164.348209
2011,Non-fatal occupational injuries among employees (rate),,Male,46.448956
2012,Non-fatal occupational injuries among employees (rate),,Male,42.343954
2013,Non-fatal occupational injuries among employees (rate),,Male,63.293021
2014,Non-fatal occupational injuries among employees (rate),,Male,44.619333
2015,Non-fatal occupational injuries among employees (rate),,Male,37.859348
2016,Non-fatal occupational injuries among employees (rate),,Male,33.692722
2017,Non-fatal occupational injuries among employees (rate),,Male,20.921618
2018,Non-fatal occupational injuries among employees (rate),,Male,36.61573
2019,Non-fatal occupational injuries among employees (rate),,Male,31.967565
2020,Non-fatal occupational injuries among employees (rate),,Male,51.674124
2007,Non-fatal occupational injuries among employees (rate),Batken,,11.184431
2008,Non-fatal occupational injuries among employees (rate),Batken,,52.931596
2009,Non-fatal occupational injuries among employees (rate),Batken,,25.97515
2010,Non-fatal occupational injuries among employees (rate),Batken,,66.960769
2011,Non-fatal occupational injuries among employees (rate),Batken,,44.998269
2012,Non-fatal occupational injuries among employees (rate),Batken,,44.855428
2013,Non-fatal occupational injuries among employees (rate),Batken,,40.545177
2014,Non-fatal occupational injuries among employees (rate),Batken,,60.180542
2015,Non-fatal occupational injuries among employees (rate),Batken,,5.901968
2016,Non-fatal occupational injuries among employees (rate),Batken,,11.837822
2017,Non-fatal occupational injuries among employees (rate),Batken,,16.899028
2018,Non-fatal occupational injuries among employees (rate),Batken,,14.249886
2019,Non-fatal occupational injuries among employees (rate),Batken,,16.981773
2020,Non-fatal occupational injuries among employees (rate),Batken,,57.671711
2010,Non-fatal occupational injuries among employees (rate),Batken,Female,8.934954
2012,Non-fatal occupational injuries among employees (rate),Batken,Female,14.155283
2016,Non-fatal occupational injuries among employees (rate),Batken,Female,5.608525
2007,Non-fatal occupational injuries among employees (rate),Batken,Male,21.335609
2008,Non-fatal occupational injuries among employees (rate),Batken,Male,93.471383
2009,Non-fatal occupational injuries among employees (rate),Batken,Male,49.829748
2010,Non-fatal occupational injuries among employees (rate),Batken,Male,112.707805
2011,Non-fatal occupational injuries among employees (rate),Batken,Male,86.672445
2012,Non-fatal occupational injuries among employees (rate),Batken,Male,74.059113
2013,Non-fatal occupational injuries among employees (rate),Batken,Male,76.587722
2014,Non-fatal occupational injuries among employees (rate),Batken,Male,131.373162
2015,Non-fatal occupational injuries among employees (rate),Batken,Male,12.854297
2016,Non-fatal occupational injuries among employees (rate),Batken,Male,18.796992
2017,Non-fatal occupational injuries among employees (rate),Batken,Male,37.225462
2018,Non-fatal occupational injuries among employees (rate),Batken,Male,32.427524
2019,Non-fatal occupational injuries among employees (rate),Batken,Male,38.444288
2020,Non-fatal occupational injuries among employees (rate),Batken,Male,126.849894
2007,Non-fatal occupational injuries among employees (rate),Jalal-Abad,,57.34356
2008,Non-fatal occupational injuries among employees (rate),Jalal-Abad,,34.763683
2009,Non-fatal occupational injuries among employees (rate),Jalal-Abad,,46.934978
2010,Non-fatal occupational injuries among employees (rate),Jalal-Abad,,41.29774
2011,Non-fatal occupational injuries among employees (rate),Jalal-Abad,,34.63367
2012,Non-fatal occupational injuries among employees (rate),Jalal-Abad,,32.200193
2013,Non-fatal occupational injuries among employees (rate),Jalal-Abad,,35.998247
2014,Non-fatal occupational injuries among employees (rate),Jalal-Abad,,22.677108
2015,Non-fatal occupational injuries among employees (rate),Jalal-Abad,,20.82061
2016,Non-fatal occupational injuries among employees (rate),Jalal-Abad,,26.515574
2017,Non-fatal occupational injuries among employees (rate),Jalal-Abad,,14.554885
2018,Non-fatal occupational injuries among employees (rate),Jalal-Abad,,46.09873
2019,Non-fatal occupational injuries among employees (rate),Jalal-Abad,,14.31397
2020,Non-fatal occupational injuries among employees (rate),Jalal-Abad,,17.213983
2007,Non-fatal occupational injuries among employees (rate),Jalal-Abad,Female,13.387777
2008,Non-fatal occupational injuries among employees (rate),Jalal-Abad,Female,2.896032
2009,Non-fatal occupational injuries among employees (rate),Jalal-Abad,Female,6.402868
2010,Non-fatal occupational injuries among employees (rate),Jalal-Abad,Female,3.165859
2012,Non-fatal occupational injuries among employees (rate),Jalal-Abad,Female,5.598477
2013,Non-fatal occupational injuries among employees (rate),Jalal-Abad,Female,2.833263
2014,Non-fatal occupational injuries among employees (rate),Jalal-Abad,Female,5.61782
2015,Non-fatal occupational injuries among employees (rate),Jalal-Abad,Female,2.531197
2016,Non-fatal occupational injuries among employees (rate),Jalal-Abad,Female,10.194459
2017,Non-fatal occupational injuries among employees (rate),Jalal-Abad,Female,2.431907
2018,Non-fatal occupational injuries among employees (rate),Jalal-Abad,Female,10.021295
2019,Non-fatal occupational injuries among employees (rate),Jalal-Abad,Female,12.497813
2020,Non-fatal occupational injuries among employees (rate),Jalal-Abad,Female,2.419433
2007,Non-fatal occupational injuries among employees (rate),Jalal-Abad,Male,107.999691
2008,Non-fatal occupational injuries among employees (rate),Jalal-Abad,Male,69.552022
2009,Non-fatal occupational injuries among employees (rate),Jalal-Abad,Male,91.481651
2010,Non-fatal occupational injuries among employees (rate),Jalal-Abad,Male,82.904418
2011,Non-fatal occupational injuries among employees (rate),Jalal-Abad,Male,75.539074
2012,Non-fatal occupational injuries among employees (rate),Jalal-Abad,Male,64.422066
2013,Non-fatal occupational injuries among employees (rate),Jalal-Abad,Male,76.931147
2014,Non-fatal occupational injuries among employees (rate),Jalal-Abad,Male,42.560157
2015,Non-fatal occupational injuries among employees (rate),Jalal-Abad,Male,43.027937
2016,Non-fatal occupational injuries among employees (rate),Jalal-Abad,Male,46.269163
2017,Non-fatal occupational injuries among employees (rate),Jalal-Abad,Male,29.022521
2018,Non-fatal occupational injuries among employees (rate),Jalal-Abad,Male,86.089589
2019,Non-fatal occupational injuries among employees (rate),Jalal-Abad,Male,16.286203
2020,Non-fatal occupational injuries among employees (rate),Jalal-Abad,Male,35.100035
2007,Non-fatal occupational injuries among employees (rate),Issyk-Kul,,21.018891
2008,Non-fatal occupational injuries among employees (rate),Issyk-Kul,,31.755273
2009,Non-fatal occupational injuries among employees (rate),Issyk-Kul,,19.005213
2010,Non-fatal occupational injuries among employees (rate),Issyk-Kul,,67.94721
2011,Non-fatal occupational injuries among employees (rate),Issyk-Kul,,31.154266
2012,Non-fatal occupational injuries among employees (rate),Issyk-Kul,,24.58479
2013,Non-fatal occupational injuries among employees (rate),Issyk-Kul,,44.681578
2014,Non-fatal occupational injuries among employees (rate),Issyk-Kul,,29.214916
2015,Non-fatal occupational injuries among employees (rate),Issyk-Kul,,51.98586
2016,Non-fatal occupational injuries among employees (rate),Issyk-Kul,,44.752152
2017,Non-fatal occupational injuries among employees (rate),Issyk-Kul,,18.566162
2018,Non-fatal occupational injuries among employees (rate),Issyk-Kul,,10.143788
2019,Non-fatal occupational injuries among employees (rate),Issyk-Kul,,7.904722
2020,Non-fatal occupational injuries among employees (rate),Issyk-Kul,,12.597949
2007,Non-fatal occupational injuries among employees (rate),Issyk-Kul,Female,15.759613
2008,Non-fatal occupational injuries among employees (rate),Issyk-Kul,Female,5.282341
2010,Non-fatal occupational injuries among employees (rate),Issyk-Kul,Female,10.077598
2011,Non-fatal occupational injuries among employees (rate),Issyk-Kul,Female,5.041339
2012,Non-fatal occupational injuries among employees (rate),Issyk-Kul,Female,10.163635
2013,Non-fatal occupational injuries among employees (rate),Issyk-Kul,Female,10.07709
2014,Non-fatal occupational injuries among employees (rate),Issyk-Kul,Female,5.059449
2015,Non-fatal occupational injuries among employees (rate),Issyk-Kul,Female,9.607071
2016,Non-fatal occupational injuries among employees (rate),Issyk-Kul,Female,19.536974
2017,Non-fatal occupational injuries among employees (rate),Issyk-Kul,Female,14.912019
2019,Non-fatal occupational injuries among employees (rate),Issyk-Kul,Female,4.837695
2007,Non-fatal occupational injuries among employees (rate),Issyk-Kul,Male,26.281209
2008,Non-fatal occupational injuries among employees (rate),Issyk-Kul,Male,58.330682
2009,Non-fatal occupational injuries among employees (rate),Issyk-Kul,Male,36.972482
2010,Non-fatal occupational injuries among employees (rate),Issyk-Kul,Male,130.300233
2011,Non-fatal occupational injuries among employees (rate),Issyk-Kul,Male,58.880206
2012,Non-fatal occupational injuries among employees (rate),Issyk-Kul,Male,41.346722
2013,Non-fatal occupational injuries among employees (rate),Issyk-Kul,Male,82.417582
2014,Non-fatal occupational injuries among employees (rate),Issyk-Kul,Male,55.906524
2015,Non-fatal occupational injuries among employees (rate),Issyk-Kul,Male,101.959896
2016,Non-fatal occupational injuries among employees (rate),Issyk-Kul,Male,74.230572
2017,Non-fatal occupational injuries among employees (rate),Issyk-Kul,Male,22.746659
2018,Non-fatal occupational injuries among employees (rate),Issyk-Kul,Male,22.373867
2019,Non-fatal occupational injuries among employees (rate),Issyk-Kul,Male,11.573404
2020,Non-fatal occupational injuries among employees (rate),Issyk-Kul,Male,27.592296
2007,Non-fatal occupational injuries among employees (rate),Naryn,,17.955739
2008,Non-fatal occupational injuries among employees (rate),Naryn,,26.688017
2009,Non-fatal occupational injuries among employees (rate),Naryn,,4.326569
2010,Non-fatal occupational injuries among employees (rate),Naryn,,30.101054
2011,Non-fatal occupational injuries among employees (rate),Naryn,,12.66464
2012,Non-fatal occupational injuries among employees (rate),Naryn,,24.857072
2013,Non-fatal occupational injuries among employees (rate),Naryn,,8.224022
2014,Non-fatal occupational injuries among employees (rate),Naryn,,12.259409
2015,Non-fatal occupational injuries among employees (rate),Naryn,,3.700278
2016,Non-fatal occupational injuries among employees (rate),Naryn,,35.364847
2019,Non-fatal occupational injuries among employees (rate),Naryn,,7.69586
2020,Non-fatal occupational injuries among employees (rate),Naryn,,34.258308
2007,Non-fatal occupational injuries among employees (rate),Naryn,Female,8.371003
2010,Non-fatal occupational injuries among employees (rate),Naryn,Female,7.789375
2012,Non-fatal occupational injuries among employees (rate),Naryn,Female,14.91758
2020,Non-fatal occupational injuries among employees (rate),Naryn,Female,6.793478
2007,Non-fatal occupational injuries among employees (rate),Naryn,Male,29.038815
2008,Non-fatal occupational injuries among employees (rate),Naryn,Male,59.565174
2009,Non-fatal occupational injuries among employees (rate),Naryn,Male,9.553836
2010,Non-fatal occupational injuries among employees (rate),Naryn,Male,57.598157
2011,Non-fatal occupational injuries among employees (rate),Naryn,Male,28.055737
2012,Non-fatal occupational injuries among employees (rate),Naryn,Male,37.275184
2013,Non-fatal occupational injuries among employees (rate),Naryn,Male,18.883958
2014,Non-fatal occupational injuries among employees (rate),Naryn,Male,28.277877
2015,Non-fatal occupational injuries among employees (rate),Naryn,Male,8.688097
2016,Non-fatal occupational injuries among employees (rate),Naryn,Male,81.352255
2019,Non-fatal occupational injuries among employees (rate),Naryn,Male,17.711654
2020,Non-fatal occupational injuries among employees (rate),Naryn,Male,69.258073
2008,Non-fatal occupational injuries among employees (rate),Osh,,2.148043
2011,Non-fatal occupational injuries among employees (rate),Osh,,2.416918
2015,Non-fatal occupational injuries among employees (rate),Osh,,5.181481
2016,Non-fatal occupational injuries among employees (rate),Osh,,2.346151
2017,Non-fatal occupational injuries among employees (rate),Osh,,4.517834
2018,Non-fatal occupational injuries among employees (rate),Osh,,4.578335
2020,Non-fatal occupational injuries among employees (rate),Osh,,6.416014
2016,Non-fatal occupational injuries among employees (rate),Osh,Female,3.779289
2018,Non-fatal occupational injuries among employees (rate),Osh,Female,3.897268
2020,Non-fatal occupational injuries among employees (rate),Osh,Female,3.713882
2008,Non-fatal occupational injuries among employees (rate),Osh,Male,4.880906
2011,Non-fatal occupational injuries among employees (rate),Osh,Male,5.961607
2015,Non-fatal occupational injuries among employees (rate),Osh,Male,13.020833
2017,Non-fatal occupational injuries among employees (rate),Osh,Male,11.112963
2018,Non-fatal occupational injuries among employees (rate),Osh,Male,5.54785
2020,Non-fatal occupational injuries among employees (rate),Osh,Male,10.084712
2007,Non-fatal occupational injuries among employees (rate),Talas,,11.511454
2008,Non-fatal occupational injuries among employees (rate),Talas,,5.701579
2009,Non-fatal occupational injuries among employees (rate),Talas,,16.051364
2010,Non-fatal occupational injuries among employees (rate),Talas,,38.385611
2011,Non-fatal occupational injuries among employees (rate),Talas,,21.165141
2012,Non-fatal occupational injuries among employees (rate),Talas,,10.518012
2013,Non-fatal occupational injuries among employees (rate),Talas,,25.514109
2014,Non-fatal occupational injuries among employees (rate),Talas,,26.011861
2015,Non-fatal occupational injuries among employees (rate),Talas,,15.061753
2016,Non-fatal occupational injuries among employees (rate),Talas,,10.722711
2018,Non-fatal occupational injuries among employees (rate),Talas,,14.769594
2019,Non-fatal occupational injuries among employees (rate),Talas,,9.282465
2020,Non-fatal occupational injuries among employees (rate),Talas,,14.186409
2009,Non-fatal occupational injuries among employees (rate),Talas,Female,9.474183
2010,Non-fatal occupational injuries among employees (rate),Talas,Female,10.188487
2014,Non-fatal occupational injuries among employees (rate),Talas,Female,19.277108
2018,Non-fatal occupational injuries among employees (rate),Talas,Female,9.250694
2020,Non-fatal occupational injuries among employees (rate),Talas,Female,8.855827
2007,Non-fatal occupational injuries among employees (rate),Talas,Male,26.588673
2008,Non-fatal occupational injuries among employees (rate),Talas,Male,13.486177
2009,Non-fatal occupational injuries among employees (rate),Talas,Male,24.585126
2010,Non-fatal occupational injuries among employees (rate),Talas,Male,71.250445
2011,Non-fatal occupational injuries among employees (rate),Talas,Male,46.838407
2012,Non-fatal occupational injuries among employees (rate),Talas,Male,23.092022
2013,Non-fatal occupational injuries among employees (rate),Talas,Male,55.463117
2014,Non-fatal occupational injuries among employees (rate),Talas,Male,33.9098
2015,Non-fatal occupational injuries among employees (rate),Talas,Male,32.619332
2016,Non-fatal occupational injuries among employees (rate),Talas,Male,23.523877
2018,Non-fatal occupational injuries among employees (rate),Talas,Male,21.0482
2019,Non-fatal occupational injuries among employees (rate),Talas,Male,20.620683
2020,Non-fatal occupational injuries among employees (rate),Talas,Male,20.294267
2007,Non-fatal occupational injuries among employees (rate),Chui,,54.795253
2008,Non-fatal occupational injuries among employees (rate),Chui,,51.255766
2009,Non-fatal occupational injuries among employees (rate),Chui,,30.489664
2010,Non-fatal occupational injuries among employees (rate),Chui,,39.786743
2011,Non-fatal occupational injuries among employees (rate),Chui,,28.308799
2012,Non-fatal occupational injuries among employees (rate),Chui,,61.47541
2013,Non-fatal occupational injuries among employees (rate),Chui,,50.052399
2014,Non-fatal occupational injuries among employees (rate),Chui,,39.493821
2015,Non-fatal occupational injuries among employees (rate),Chui,,52.914295
2016,Non-fatal occupational injuries among employees (rate),Chui,,20.676602
2017,Non-fatal occupational injuries among employees (rate),Chui,,14.895483
2018,Non-fatal occupational injuries among employees (rate),Chui,,27.829162
2019,Non-fatal occupational injuries among employees (rate),Chui,,26.166728
2020,Non-fatal occupational injuries among employees (rate),Chui,,30.257644
2007,Non-fatal occupational injuries among employees (rate),Chui,Female,54.193199
2008,Non-fatal occupational injuries among employees (rate),Chui,Female,26.478376
2009,Non-fatal occupational injuries among employees (rate),Chui,Female,15.113046
2010,Non-fatal occupational injuries among employees (rate),Chui,Female,18.584482
2011,Non-fatal occupational injuries among employees (rate),Chui,Female,15.769886
2012,Non-fatal occupational injuries among employees (rate),Chui,Female,29.823149
2013,Non-fatal occupational injuries among employees (rate),Chui,Female,27.034334
2014,Non-fatal occupational injuries among employees (rate),Chui,Female,22.348509
2015,Non-fatal occupational injuries among employees (rate),Chui,Female,15.284911
2016,Non-fatal occupational injuries among employees (rate),Chui,Female,9.59785
2017,Non-fatal occupational injuries among employees (rate),Chui,Female,13.31425
2018,Non-fatal occupational injuries among employees (rate),Chui,Female,9.651889
2019,Non-fatal occupational injuries among employees (rate),Chui,Female,18.453022
2020,Non-fatal occupational injuries among employees (rate),Chui,Female,6.034093
2007,Non-fatal occupational injuries among employees (rate),Chui,Male,55.381207
2008,Non-fatal occupational injuries among employees (rate),Chui,Male,74.490978
2009,Non-fatal occupational injuries among employees (rate),Chui,Male,46.136811
2010,Non-fatal occupational injuries among employees (rate),Chui,Male,62.193126
2011,Non-fatal occupational injuries among employees (rate),Chui,Male,42.334015
2012,Non-fatal occupational injuries among employees (rate),Chui,Male,96.960781
2013,Non-fatal occupational injuries among employees (rate),Chui,Male,75.060375
2014,Non-fatal occupational injuries among employees (rate),Chui,Male,57.730838
2015,Non-fatal occupational injuries among employees (rate),Chui,Male,94.425522
2016,Non-fatal occupational injuries among employees (rate),Chui,Male,31.629555
2017,Non-fatal occupational injuries among employees (rate),Chui,Male,16.45928
2018,Non-fatal occupational injuries among employees (rate),Chui,Male,46.65889
2019,Non-fatal occupational injuries among employees (rate),Chui,Male,33.895171
2020,Non-fatal occupational injuries among employees (rate),Chui,Male,54.621594
2007,Non-fatal occupational injuries among employees (rate),Bishkek (city),,25.544578
2008,Non-fatal occupational injuries among employees (rate),Bishkek (city),,35.587189
2009,Non-fatal occupational injuries among employees (rate),Bishkek (city),,27.549559
2010,Non-fatal occupational injuries among employees (rate),Bishkek (city),,172.396125
2011,Non-fatal occupational injuries among employees (rate),Bishkek (city),,26.428883
2012,Non-fatal occupational injuries among employees (rate),Bishkek (city),,21.074932
2013,Non-fatal occupational injuries among employees (rate),Bishkek (city),,47.614038
2014,Non-fatal occupational injuries among employees (rate),Bishkek (city),,34.362547
2015,Non-fatal occupational injuries among employees (rate),Bishkek (city),,20.034504
2016,Non-fatal occupational injuries among employees (rate),Bishkek (city),,30.786654
2017,Non-fatal occupational injuries among employees (rate),Bishkek (city),,28.115403
2018,Non-fatal occupational injuries among employees (rate),Bishkek (city),,34.548189
2019,Non-fatal occupational injuries among employees (rate),Bishkek (city),,37.950088
2020,Non-fatal occupational injuries among employees (rate),Bishkek (city),,42.637787
2007,Non-fatal occupational injuries among employees (rate),Bishkek (city),Female,13.871389
2008,Non-fatal occupational injuries among employees (rate),Bishkek (city),Female,27.298253
2009,Non-fatal occupational injuries among employees (rate),Bishkek (city),Female,18.177412
2010,Non-fatal occupational injuries among employees (rate),Bishkek (city),Female,36.051626
2011,Non-fatal occupational injuries among employees (rate),Bishkek (city),Female,21.926886
2012,Non-fatal occupational injuries among employees (rate),Bishkek (city),Female,15.309916
2013,Non-fatal occupational injuries among employees (rate),Bishkek (city),Female,31.064217
2014,Non-fatal occupational injuries among employees (rate),Bishkek (city),Female,30.258167
2015,Non-fatal occupational injuries among employees (rate),Bishkek (city),Female,14.949598
2016,Non-fatal occupational injuries among employees (rate),Bishkek (city),Female,33.905848
2017,Non-fatal occupational injuries among employees (rate),Bishkek (city),Female,31.034376
2018,Non-fatal occupational injuries among employees (rate),Bishkek (city),Female,33.577192
2019,Non-fatal occupational injuries among employees (rate),Bishkek (city),Female,24.386199
2020,Non-fatal occupational injuries among employees (rate),Bishkek (city),Female,28.650255
2007,Non-fatal occupational injuries among employees (rate),Bishkek (city),Male,39.954338
2008,Non-fatal occupational injuries among employees (rate),Bishkek (city),Male,44.11057
2009,Non-fatal occupational injuries among employees (rate),Bishkek (city),Male,37.118606
2010,Non-fatal occupational injuries among employees (rate),Bishkek (city),Male,309.616245
2011,Non-fatal occupational injuries among employees (rate),Bishkek (city),Male,30.44769
2012,Non-fatal occupational injuries among employees (rate),Bishkek (city),Male,27.007258
2013,Non-fatal occupational injuries among employees (rate),Bishkek (city),Male,65.319032
2014,Non-fatal occupational injuries among employees (rate),Bishkek (city),Male,38.683839
2015,Non-fatal occupational injuries among employees (rate),Bishkek (city),Male,25.568908
2016,Non-fatal occupational injuries among employees (rate),Bishkek (city),Male,27.42293
2017,Non-fatal occupational injuries among employees (rate),Bishkek (city),Male,24.919295
2018,Non-fatal occupational injuries among employees (rate),Bishkek (city),Male,35.610158
2019,Non-fatal occupational injuries among employees (rate),Bishkek (city),Male,52.570155
2020,Non-fatal occupational injuries among employees (rate),Bishkek (city),Male,56.753081
2007,Non-fatal occupational injuries among employees (rate),Osh (city),,7.896399
2008,Non-fatal occupational injuries among employees (rate),Osh (city),,20.263425
2009,Non-fatal occupational injuries among employees (rate),Osh (city),,13.09209
2010,Non-fatal occupational injuries among employees (rate),Osh (city),,84.274841
2011,Non-fatal occupational injuries among employees (rate),Osh (city),,47.337278
2012,Non-fatal occupational injuries among employees (rate),Osh (city),,5.333333
2013,Non-fatal occupational injuries among employees (rate),Osh (city),,35.351063
2014,Non-fatal occupational injuries among employees (rate),Osh (city),,12.94733
2015,Non-fatal occupational injuries among employees (rate),Osh (city),,2.512879
2016,Non-fatal occupational injuries among employees (rate),Osh (city),,12.46137
2017,Non-fatal occupational injuries among employees (rate),Osh (city),,5.105036
2018,Non-fatal occupational injuries among employees (rate),Osh (city),,2.617458
2019,Non-fatal occupational injuries among employees (rate),Osh (city),,7.705545
2020,Non-fatal occupational injuries among employees (rate),Osh (city),,33.273611
2009,Non-fatal occupational injuries among employees (rate),Osh (city),Female,16.408686
2010,Non-fatal occupational injuries among employees (rate),Osh (city),Female,33.337037
2011,Non-fatal occupational injuries among employees (rate),Osh (city),Female,5.502972
2013,Non-fatal occupational injuries among employees (rate),Osh (city),Female,5.457919
2014,Non-fatal occupational injuries among employees (rate),Osh (city),Female,5.139538
2015,Non-fatal occupational injuries among employees (rate),Osh (city),Female,5.105948
2020,Non-fatal occupational injuries among employees (rate),Osh (city),Female,9.967109
2007,Non-fatal occupational injuries among employees (rate),Osh (city),Male,15.438452
2008,Non-fatal occupational injuries among employees (rate),Osh (city),Male,40.178796
2009,Non-fatal occupational injuries among employees (rate),Osh (city),Male,10.046213
2010,Non-fatal occupational injuries among employees (rate),Osh (city),Male,130.175737
2011,Non-fatal occupational injuries among employees (rate),Osh (city),Male,85.629376
2012,Non-fatal occupational injuries among employees (rate),Osh (city),Male,10.400416
2013,Non-fatal occupational injuries among employees (rate),Osh (city),Male,65.033601
2014,Non-fatal occupational injuries among employees (rate),Osh (city),Male,20.875737
2016,Non-fatal occupational injuries among employees (rate),Osh (city),Male,25.440114
2017,Non-fatal occupational injuries among employees (rate),Osh (city),Male,10.756736
2018,Non-fatal occupational injuries among employees (rate),Osh (city),Male,5.567309
2019,Non-fatal occupational injuries among employees (rate),Osh (city),Male,15.828629
2020,Non-fatal occupational injuries among employees (rate),Osh (city),Male,57.882551
2007,Fatal occupational injuries among employees (rate),,,4.792995
2008,Fatal occupational injuries among employees (rate),,,4.826447
2009,Fatal occupational injuries among employees (rate),,,5.057444
2010,Fatal occupational injuries among employees (rate),,,6.148875
2011,Fatal occupational injuries among employees (rate),,,4.517259
2012,Fatal occupational injuries among employees (rate),,,4.781357
2013,Fatal occupational injuries among employees (rate),,,5.835186
2014,Fatal occupational injuries among employees (rate),,,3.602017
2015,Fatal occupational injuries among employees (rate),,,4.103205
2016,Fatal occupational injuries among employees (rate),,,5.048044
2017,Fatal occupational injuries among employees (rate),,,6.691124
2018,Fatal occupational injuries among employees (rate),,,1.516867
2019,Fatal occupational injuries among employees (rate),,,2.932863
2020,Fatal occupational injuries among employees (rate),,,2.042355
2007,Fatal occupational injuries among employees (rate),,Female,0.777454
2008,Fatal occupational injuries among employees (rate),,Female,0.411186
2009,Fatal occupational injuries among employees (rate),,Female,1.629361
2010,Fatal occupational injuries among employees (rate),,Female,0.825627
2011,Fatal occupational injuries among employees (rate),,Female,0.403146
2013,Fatal occupational injuries among employees (rate),,Female,0.764608
2014,Fatal occupational injuries among employees (rate),,Female,1.134662
2015,Fatal occupational injuries among employees (rate),,Female,0.729733
2016,Fatal occupational injuries among employees (rate),,Female,0.364109
2018,Fatal occupational injuries among employees (rate),,Female,0.355105
2019,Fatal occupational injuries among employees (rate),,Female,0.0
2020,Fatal occupational injuries among employees (rate),,Female,0.353173
2007,Fatal occupational injuries among employees (rate),,Male,9.433242
2008,Fatal occupational injuries among employees (rate),,Male,9.428221
2009,Fatal occupational injuries among employees (rate),,Male,8.731604
2010,Fatal occupational injuries among employees (rate),,Male,11.770296
2011,Fatal occupational injuries among employees (rate),,Male,8.78764
2012,Fatal occupational injuries among employees (rate),,Male,9.937867
2013,Fatal occupational injuries among employees (rate),,Male,11.469205
2014,Fatal occupational injuries among employees (rate),,Male,6.37419
2015,Fatal occupational injuries among employees (rate),,Male,7.992529
2016,Fatal occupational injuries among employees (rate),,Male,10.398988
2017,Fatal occupational injuries among employees (rate),,Male,14.357973
2018,Fatal occupational injuries among employees (rate),,Male,2.84789
2019,Fatal occupational injuries among employees (rate),,Male,6.237574
2020,Fatal occupational injuries among employees (rate),,Male,3.914706
2007,Fatal occupational injuries among employees (rate),Batken,,3.728144
2008,Fatal occupational injuries among employees (rate),Batken,,4.071661
2009,Fatal occupational injuries among employees (rate),Batken,,21.645959
2010,Fatal occupational injuries among employees (rate),Batken,,15.755475
2011,Fatal occupational injuries among employees (rate),Batken,,13.845621
2012,Fatal occupational injuries among employees (rate),Batken,,10.351253
2013,Fatal occupational injuries among employees (rate),Batken,,12.475439
2014,Fatal occupational injuries among employees (rate),Batken,,2.86574
2015,Fatal occupational injuries among employees (rate),Batken,,17.705905
2016,Fatal occupational injuries among employees (rate),Batken,,20.716188
2017,Fatal occupational injuries among employees (rate),Batken,,11.266019
2018,Fatal occupational injuries among employees (rate),Batken,,2.849977
2019,Fatal occupational injuries among employees (rate),Batken,,14.151477
2020,Fatal occupational injuries among employees (rate),Batken,,8.238816
2007,Fatal occupational injuries among employees (rate),Batken,Male,7.11187
2008,Fatal occupational injuries among employees (rate),Batken,Male,7.190106
2009,Fatal occupational injuries among employees (rate),Batken,Male,41.52479
2010,Fatal occupational injuries among employees (rate),Batken,Male,28.176951
2011,Fatal occupational injuries among employees (rate),Batken,Male,26.668445
2012,Fatal occupational injuries among employees (rate),Batken,Male,20.19794
2013,Fatal occupational injuries among employees (rate),Batken,Male,23.565453
2014,Fatal occupational injuries among employees (rate),Batken,Male,6.255865
2015,Fatal occupational injuries among employees (rate),Batken,Male,38.56289
2016,Fatal occupational injuries among employees (rate),Batken,Male,43.859649
2017,Fatal occupational injuries among employees (rate),Batken,Male,24.816975
2018,Fatal occupational injuries among employees (rate),Batken,Male,6.485505
2019,Fatal occupational injuries among employees (rate),Batken,Male,32.036907
2020,Fatal occupational injuries among employees (rate),Batken,Male,18.121413
2007,Fatal occupational injuries among employees (rate),Jalal-Abad,,3.583972
2008,Fatal occupational injuries among employees (rate),Jalal-Abad,,4.534393
2009,Fatal occupational injuries among employees (rate),Jalal-Abad,,3.352498
2010,Fatal occupational injuries among employees (rate),Jalal-Abad,,1.65191
2011,Fatal occupational injuries among employees (rate),Jalal-Abad,,4.722773
2012,Fatal occupational injuries among employees (rate),Jalal-Abad,,9.200055
2013,Fatal occupational injuries among employees (rate),Jalal-Abad,,9.390847
2014,Fatal occupational injuries among employees (rate),Jalal-Abad,,3.023614
2015,Fatal occupational injuries among employees (rate),Jalal-Abad,,2.776081
2016,Fatal occupational injuries among employees (rate),Jalal-Abad,,1.395557
2017,Fatal occupational injuries among employees (rate),Jalal-Abad,,13.231714
2020,Fatal occupational injuries among employees (rate),Jalal-Abad,,2.648305
2013,Fatal occupational injuries among employees (rate),Jalal-Abad,Female,2.833263
2007,Fatal occupational injuries among employees (rate),Jalal-Abad,Male,7.714264
2008,Fatal occupational injuries among employees (rate),Jalal-Abad,Male,9.484367
2009,Fatal occupational injuries among employees (rate),Jalal-Abad,Male,7.03705
2010,Fatal occupational injuries among employees (rate),Jalal-Abad,Male,3.454351
2011,Fatal occupational injuries among employees (rate),Jalal-Abad,Male,10.300783
2012,Fatal occupational injuries among employees (rate),Jalal-Abad,Male,20.34381
2013,Fatal occupational injuries among employees (rate),Jalal-Abad,Male,17.484352
2014,Fatal occupational injuries among employees (rate),Jalal-Abad,Male,6.547716
2015,Fatal occupational injuries among employees (rate),Jalal-Abad,Male,6.146848
2016,Fatal occupational injuries among employees (rate),Jalal-Abad,Male,3.084611
2017,Fatal occupational injuries among employees (rate),Jalal-Abad,Male,29.022521
2020,Fatal occupational injuries among employees (rate),Jalal-Abad,Male,5.850006
2007,Fatal occupational injuries among employees (rate),Issyk-Kul,,13.136807
2008,Fatal occupational injuries among employees (rate),Issyk-Kul,,2.646273
2009,Fatal occupational injuries among employees (rate),Issyk-Kul,,16.290182
2010,Fatal occupational injuries among employees (rate),Issyk-Kul,,7.840063
2011,Fatal occupational injuries among employees (rate),Issyk-Kul,,2.596189
2012,Fatal occupational injuries among employees (rate),Issyk-Kul,,5.463287
2014,Fatal occupational injuries among employees (rate),Issyk-Kul,,2.655901
2015,Fatal occupational injuries among employees (rate),Issyk-Kul,,7.797879
2016,Fatal occupational injuries among employees (rate),Issyk-Kul,,10.529918
2017,Fatal occupational injuries among employees (rate),Issyk-Kul,,7.956927
2018,Fatal occupational injuries among employees (rate),Issyk-Kul,,2.535947
2019,Fatal occupational injuries among employees (rate),Issyk-Kul,,7.904722
2020,Fatal occupational injuries among employees (rate),Issyk-Kul,,5.03918
2007,Fatal occupational injuries among employees (rate),Issyk-Kul,Female,5.253204
2009,Fatal occupational injuries among employees (rate),Issyk-Kul,Female,16.760713
2010,Fatal occupational injuries among employees (rate),Issyk-Kul,Female,5.038799
2007,Fatal occupational injuries among employees (rate),Issyk-Kul,Male,21.024967
2008,Fatal occupational injuries among employees (rate),Issyk-Kul,Male,5.302789
2009,Fatal occupational injuries among employees (rate),Issyk-Kul,Male,15.845349
2010,Fatal occupational injuries among employees (rate),Issyk-Kul,Male,10.858353
2011,Fatal occupational injuries among employees (rate),Issyk-Kul,Male,5.352746
2012,Fatal occupational injuries among employees (rate),Issyk-Kul,Male,11.813349
2013,Fatal occupational injuries among employees (rate),Issyk-Kul,Male,0.0
2014,Fatal occupational injuries among employees (rate),Issyk-Kul,Male,5.590652
2015,Fatal occupational injuries among employees (rate),Issyk-Kul,Male,16.993316
2016,Fatal occupational injuries among employees (rate),Issyk-Kul,Male,22.840176
2017,Fatal occupational injuries among employees (rate),Issyk-Kul,Male,17.059994
2018,Fatal occupational injuries among employees (rate),Issyk-Kul,Male,5.593467
2019,Fatal occupational injuries among employees (rate),Issyk-Kul,Male,17.360106
2020,Fatal occupational injuries among employees (rate),Issyk-Kul,Male,11.036918
2007,Fatal occupational injuries among employees (rate),Naryn,,17.955739
2008,Fatal occupational injuries among employees (rate),Naryn,,4.448003
2009,Fatal occupational injuries among employees (rate),Naryn,,8.653139
2010,Fatal occupational injuries among employees (rate),Naryn,,8.600301
2011,Fatal occupational injuries among employees (rate),Naryn,,8.443094
2012,Fatal occupational injuries among employees (rate),Naryn,,8.285691
2013,Fatal occupational injuries among employees (rate),Naryn,,8.224022
2014,Fatal occupational injuries among employees (rate),Naryn,,16.345879
2015,Fatal occupational injuries among employees (rate),Naryn,,3.700278
2016,Fatal occupational injuries among employees (rate),Naryn,,19.647137
2017,Fatal occupational injuries among employees (rate),Naryn,,19.320685
2019,Fatal occupational injuries among employees (rate),Naryn,,7.69586
2008,Fatal occupational injuries among employees (rate),Naryn,Female,8.058667
2009,Fatal occupational injuries among employees (rate),Naryn,Female,7.907639
2010,Fatal occupational injuries among employees (rate),Naryn,Female,7.789375
2007,Fatal occupational injuries among employees (rate),Naryn,Male,38.71842
2009,Fatal occupational injuries among employees (rate),Naryn,Male,9.553836
2010,Fatal occupational injuries among employees (rate),Naryn,Male,9.599693
2011,Fatal occupational injuries among employees (rate),Naryn,Male,18.703825
2012,Fatal occupational injuries among employees (rate),Naryn,Male,18.637592
2013,Fatal occupational injuries among employees (rate),Naryn,Male,18.883958
2014,Fatal occupational injuries among employees (rate),Naryn,Male,37.703836
2015,Fatal occupational injuries among employees (rate),Naryn,Male,8.688097
2016,Fatal occupational injuries among employees (rate),Naryn,Male,45.195697
2017,Fatal occupational injuries among employees (rate),Naryn,Male,43.402778
2019,Fatal occupational injuries among employees (rate),Naryn,Male,17.711654
2007,Fatal occupational injuries among employees (rate),Osh,,0.0
2008,Fatal occupational injuries among employees (rate),Osh,,2.148043
2009,Fatal occupational injuries among employees (rate),Osh,,4.345181
2011,Fatal occupational injuries among employees (rate),Osh,,7.250755
2013,Fatal occupational injuries among employees (rate),Osh,,2.649638
2015,Fatal occupational injuries among employees (rate),Osh,,2.590741
2017,Fatal occupational injuries among employees (rate),Osh,,6.776751
2007,Fatal occupational injuries among employees (rate),Osh,Male,0.0
2008,Fatal occupational injuries among employees (rate),Osh,Male,4.880906
2009,Fatal occupational injuries among employees (rate),Osh,Male,11.227125
2011,Fatal occupational injuries among employees (rate),Osh,Male,17.884822
2013,Fatal occupational injuries among employees (rate),Osh,Male,6.378365
2015,Fatal occupational injuries among employees (rate),Osh,Male,6.510417
2017,Fatal occupational injuries among employees (rate),Osh,Male,16.669445
2007,Fatal occupational injuries among employees (rate),Talas,,5.755727
2008,Fatal occupational injuries among employees (rate),Talas,,5.701579
2009,Fatal occupational injuries among employees (rate),Talas,,5.350455
2010,Fatal occupational injuries among employees (rate),Talas,,5.483659
2011,Fatal occupational injuries among employees (rate),Talas,,10.582571
2012,Fatal occupational injuries among employees (rate),Talas,,5.259006
2013,Fatal occupational injuries among employees (rate),Talas,,30.616931
2014,Fatal occupational injuries among employees (rate),Talas,,10.404745
2015,Fatal occupational injuries among employees (rate),Talas,,10.041169
2017,Fatal occupational injuries among employees (rate),Talas,,5.102301
2018,Fatal occupational injuries among employees (rate),Talas,,4.923198
2019,Fatal occupational injuries among employees (rate),Talas,,4.641233
2007,Fatal occupational injuries among employees (rate),Talas,Male,13.294337
2008,Fatal occupational injuries among employees (rate),Talas,Male,13.486177
2009,Fatal occupational injuries among employees (rate),Talas,Male,12.292563
2010,Fatal occupational injuries among employees (rate),Talas,Male,11.875074
2011,Fatal occupational injuries among employees (rate),Talas,Male,23.419204
2012,Fatal occupational injuries among employees (rate),Talas,Male,11.546011
2013,Fatal occupational injuries among employees (rate),Talas,Male,66.55574
2014,Fatal occupational injuries among employees (rate),Talas,Male,22.606533
2015,Fatal occupational injuries among employees (rate),Talas,Male,21.746222
2017,Fatal occupational injuries among employees (rate),Talas,Male,11.318619
2018,Fatal occupational injuries among employees (rate),Talas,Male,10.5241
2019,Fatal occupational injuries among employees (rate),Talas,Male,10.310341
2007,Fatal occupational injuries among employees (rate),Chui,,6.682348
2008,Fatal occupational injuries among employees (rate),Chui,,9.966399
2010,Fatal occupational injuries among employees (rate),Chui,,4.774409
2011,Fatal occupational injuries among employees (rate),Chui,,3.330447
2012,Fatal occupational injuries among employees (rate),Chui,,6.30517
2014,Fatal occupational injuries among employees (rate),Chui,,4.936728
2015,Fatal occupational injuries among employees (rate),Chui,,3.206927
2016,Fatal occupational injuries among employees (rate),Chui,,3.181016
2017,Fatal occupational injuries among employees (rate),Chui,,3.310107
2019,Fatal occupational injuries among employees (rate),Chui,,1.539219
2020,Fatal occupational injuries among employees (rate),Chui,,3.025764
2007,Fatal occupational injuries among employees (rate),Chui,Female,2.70966
2011,Fatal occupational injuries among employees (rate),Chui,Female,3.153977
2014,Fatal occupational injuries among employees (rate),Chui,Female,9.577932
2015,Fatal occupational injuries among employees (rate),Chui,Female,6.113964
2020,Fatal occupational injuries among employees (rate),Chui,Female,3.017046
2007,Fatal occupational injuries among employees (rate),Chui,Male,10.548801
2008,Fatal occupational injuries among employees (rate),Chui,Male,19.312476
2010,Fatal occupational injuries among employees (rate),Chui,Male,9.819967
2011,Fatal occupational injuries among employees (rate),Chui,Male,3.527835
2012,Fatal occupational injuries among employees (rate),Chui,Male,13.373901
2016,Fatal occupational injuries among employees (rate),Chui,Male,6.325911
2017,Fatal occupational injuries among employees (rate),Chui,Male,6.583712
2019,Fatal occupational injuries among employees (rate),Chui,Male,3.081379
2020,Fatal occupational injuries among employees (rate),Chui,Male,3.034533
2007,Fatal occupational injuries among employees (rate),Bishkek (city),,1.915843
2008,Fatal occupational injuries among employees (rate),Bishkek (city),,3.29511
2009,Fatal occupational injuries among employees (rate),Bishkek (city),,3.061062
2010,Fatal occupational injuries among employees (rate),Bishkek (city),,7.233404
2011,Fatal occupational injuries among employees (rate),Bishkek (city),,2.298164
2012,Fatal occupational injuries among employees (rate),Bishkek (city),,2.218414
2013,Fatal occupational injuries among employees (rate),Bishkek (city),,3.875561
2014,Fatal occupational injuries among employees (rate),Bishkek (city),,1.662704
2015,Fatal occupational injuries among employees (rate),Bishkek (city),,1.669542
2016,Fatal occupational injuries among employees (rate),Bishkek (city),,3.29857
2017,Fatal occupational injuries among employees (rate),Bishkek (city),,2.162723
2018,Fatal occupational injuries among employees (rate),Bishkek (city),,2.126042
2019,Fatal occupational injuries among employees (rate),Bishkek (city),,2.024005
2020,Fatal occupational injuries among employees (rate),Bishkek (city),,1.065945
2013,Fatal occupational injuries among employees (rate),Bishkek (city),Female,1.07118
2016,Fatal occupational injuries among employees (rate),Bishkek (city),Female,1.059558
2018,Fatal occupational injuries among employees (rate),Bishkek (city),Female,1.017491
2007,Fatal occupational injuries among employees (rate),Bishkek (city),Male,4.280822
2008,Fatal occupational injuries among employees (rate),Bishkek (city),Male,6.68342
2009,Fatal occupational injuries among employees (rate),Bishkek (city),Male,6.186434
2010,Fatal occupational injuries among employees (rate),Bishkek (city),Male,14.513261
2011,Fatal occupational injuries among employees (rate),Bishkek (city),Male,4.34967
2012,Fatal occupational injuries among employees (rate),Bishkek (city),Male,4.50121
2013,Fatal occupational injuries among employees (rate),Bishkek (city),Male,6.875688
2014,Fatal occupational injuries among employees (rate),Bishkek (city),Male,3.41328
2015,Fatal occupational injuries among employees (rate),Bishkek (city),Male,3.486669
2016,Fatal occupational injuries among employees (rate),Bishkek (city),Male,5.71311
2017,Fatal occupational injuries among employees (rate),Bishkek (city),Male,4.530781
2018,Fatal occupational injuries among employees (rate),Bishkek (city),Male,3.338452
2019,Fatal occupational injuries among employees (rate),Bishkek (city),Male,4.205612
2020,Fatal occupational injuries among employees (rate),Bishkek (city),Male,2.141626
2007,Fatal occupational injuries among employees (rate),Osh (city),,5.264266
2008,Fatal occupational injuries among employees (rate),Osh (city),,7.598784
2009,Fatal occupational injuries among employees (rate),Osh (city),,2.618418
2010,Fatal occupational injuries among employees (rate),Osh (city),,7.900766
2011,Fatal occupational injuries among employees (rate),Osh (city),,2.629849
2012,Fatal occupational injuries among employees (rate),Osh (city),,2.666667
2013,Fatal occupational injuries among employees (rate),Osh (city),,8.157938
2014,Fatal occupational injuries among employees (rate),Osh (city),,5.178932
2015,Fatal occupational injuries among employees (rate),Osh (city),,2.512879
2016,Fatal occupational injuries among employees (rate),Osh (city),,2.492274
2017,Fatal occupational injuries among employees (rate),Osh (city),,7.657554
2018,Fatal occupational injuries among employees (rate),Osh (city),,2.617458
2007,Fatal occupational injuries among employees (rate),Osh (city),Male,10.292301
2008,Fatal occupational injuries among employees (rate),Osh (city),Male,15.067048
2009,Fatal occupational injuries among employees (rate),Osh (city),Male,5.023106
2010,Fatal occupational injuries among employees (rate),Osh (city),Male,15.020277
2011,Fatal occupational injuries among employees (rate),Osh (city),Male,5.037022
2012,Fatal occupational injuries among employees (rate),Osh (city),Male,5.200208
2013,Fatal occupational injuries among employees (rate),Osh (city),Male,16.2584
2014,Fatal occupational injuries among employees (rate),Osh (city),Male,10.437869
2015,Fatal occupational injuries among employees (rate),Osh (city),Male,4.948046
2016,Fatal occupational injuries among employees (rate),Osh (city),Male,5.088023
2017,Fatal occupational injuries among employees (rate),Osh (city),Male,16.135105
2018,Fatal occupational injuries among employees (rate),Osh (city),Male,5.567309
