Year,Reference area,Sex,Value
2007,,,115.478276
2008,,,106.340082
2009,,,103.932976
2010,,,101.138775
2011,,,100.367124
2012,,,104.342194
2013,,,102.43272
2014,,,101.065558
2015,,,98.249685
2016,,,93.423511
2017,,,90.6
2007,,Female,91.061332
2008,,Female,85.809103
2009,,Female,85.417204
2010,,Female,84.9
2011,,Female,81.94725
2012,,Female,85.223608
2013,,Female,87.8
2014,,Female,88.7
2015,,Female,83.7
2016,,Female,81.7
2017,,Female,77.7
2007,,Male,140.46199
2008,,Male,127.338423
2009,,Male,122.936319
2010,,Male,117.8
2011,,Male,119.256007
2012,,Male,123.922984
2013,,Male,117.4
2014,,Male,113.7
2015,,Male,113.1
2016,,Male,105.3
2017,,Male,103.8
2007,Batken,,80.315042
2008,Batken,,81.679899
2009,Batken,,82.704723
2010,Batken,,81.83755
2011,Batken,,78.880836
2012,Batken,,90.334237
2013,Batken,,90.032265
2014,Batken,,86.073371
2015,Batken,,72.743563
2016,Batken,,67.061001
2017,Batken,,70.8
2007,Batken,Female,70.837249
2008,Batken,Female,67.323067
2009,Batken,Female,81.332337
2010,Batken,Female,62.3
2011,Batken,Female,63.9
2012,Batken,Female,79.7
2013,Batken,Female,81
2014,Batken,Female,78.8
2015,Batken,Female,63.1
2016,Batken,Female,66.6
2017,Batken,Female,65.7
2007,Batken,Male,89.745096
2008,Batken,Male,95.98673
2009,Batken,Male,84.03016
2010,Batken,Male,100.8
2011,Batken,Male,93.4
2012,Batken,Male,100.7
2013,Batken,Male,98.8
2014,Batken,Male,93.2
2015,Batken,Male,82
2016,Batken,Male,67.5
2017,Batken,Male,75.7
2007,Jalal-Abad,,91.916186
2008,Jalal-Abad,,88.339312
2009,Jalal-Abad,,87.787489
2010,Jalal-Abad,,85.931674
2011,Jalal-Abad,,82.549369
2012,Jalal-Abad,,86.910818
2013,Jalal-Abad,,80.886516
2014,Jalal-Abad,,85.34428
2015,Jalal-Abad,,76.512241
2016,Jalal-Abad,,84.915163
2017,Jalal-Abad,,80.2
2007,Jalal-Abad,Female,75.21801
2008,Jalal-Abad,Female,71.207543
2009,Jalal-Abad,Female,71.790057
2010,Jalal-Abad,Female,74.3
2011,Jalal-Abad,Female,72.983333
2012,Jalal-Abad,Female,75.789204
2013,Jalal-Abad,Female,74.3
2014,Jalal-Abad,Female,81.8
2015,Jalal-Abad,Female,66.2
2016,Jalal-Abad,Female,79.5
2017,Jalal-Abad,Female,72.8
2007,Jalal-Abad,Male,108.757553
2008,Jalal-Abad,Male,105.621764
2009,Jalal-Abad,Male,103.75711
2010,Jalal-Abad,Male,97.6
2011,Jalal-Abad,Male,92.090531
2012,Jalal-Abad,Male,97.991089
2013,Jalal-Abad,Male,87.5
2014,Jalal-Abad,Male,88.8
2015,Jalal-Abad,Male,86.7
2016,Jalal-Abad,Male,90.3
2017,Jalal-Abad,Male,87.5
2007,Issyk-Kul,,74.818397
2008,Issyk-Kul,,65.710142
2009,Issyk-Kul,,68.260473
2010,Issyk-Kul,,67.280621
2011,Issyk-Kul,,68.345501
2012,Issyk-Kul,,70.114091
2013,Issyk-Kul,,69.963198
2014,Issyk-Kul,,63.962325
2015,Issyk-Kul,,58.459621
2016,Issyk-Kul,,60.411219
2017,Issyk-Kul,,48.6
2007,Issyk-Kul,Female,57.509562
2008,Issyk-Kul,Female,56.84919
2009,Issyk-Kul,Female,57.58451
2010,Issyk-Kul,Female,55
2011,Issyk-Kul,Female,53.747679
2012,Issyk-Kul,Female,57.222843
2013,Issyk-Kul,Female,57.9
2014,Issyk-Kul,Female,51.3
2015,Issyk-Kul,Female,48.5
2016,Issyk-Kul,Female,53.8
2017,Issyk-Kul,Female,34.8
2007,Issyk-Kul,Male,92.654432
2008,Issyk-Kul,Male,74.822647
2009,Issyk-Kul,Male,79.185677
2010,Issyk-Kul,Male,79.8
2011,Issyk-Kul,Male,83.206714
2012,Issyk-Kul,Male,83.217008
2013,Issyk-Kul,Male,82.2
2014,Issyk-Kul,Male,76.8
2015,Issyk-Kul,Male,68.5
2016,Issyk-Kul,Male,67.1
2017,Issyk-Kul,Male,62.4
2007,Naryn,,89.134835
2008,Naryn,,101.241128
2009,Naryn,,97.171948
2010,Naryn,,103.928178
2011,Naryn,,95.240986
2012,Naryn,,105.056599
2013,Naryn,,90.465191
2014,Naryn,,98.190078
2015,Naryn,,84.752208
2016,Naryn,,77.322632
2017,Naryn,,59.5
2007,Naryn,Female,73.136894
2008,Naryn,Female,93.896008
2009,Naryn,Female,87.733728
2010,Naryn,Female,85.5
2011,Naryn,Female,86.159148
2012,Naryn,Female,83.765487
2013,Naryn,Female,76
2014,Naryn,Female,87
2015,Naryn,Female,75
2016,Naryn,Female,63.3
2017,Naryn,Female,49
2007,Naryn,Male,104.664525
2008,Naryn,Male,108.341574
2009,Naryn,Male,106.394379
2010,Naryn,Male,121.9
2011,Naryn,Male,104.080869
2012,Naryn,Male,125.735925
2013,Naryn,Male,104.4
2014,Naryn,Male,109
2015,Naryn,Male,94.2
2016,Naryn,Male,91
2017,Naryn,Male,69.6
2007,Osh,,102.866708
2008,Osh,,97.93957
2009,Osh,,99.503115
2010,Osh,,90.272855
2011,Osh,,86.981785
2012,Osh,,89.531841
2013,Osh,,97.423584
2014,Osh,,90.681619
2015,Osh,,91.237869
2016,Osh,,83.857442
2017,Osh,,84.4
2007,Osh,Female,85.479058
2008,Osh,Female,79.853854
2009,Osh,Female,84.498903
2010,Osh,Female,83.3
2011,Osh,Female,78.306875
2012,Osh,Female,79.852654
2013,Osh,Female,89.2
2014,Osh,Female,82.7
2015,Osh,Female,83.8
2016,Osh,Female,78.4
2017,Osh,Female,73.3
2007,Osh,Male,120.175935
2008,Osh,Male,115.965366
2009,Osh,Male,114.268343
2010,Osh,Male,97.1
2011,Osh,Male,95.537626
2012,Osh,Male,99.072585
2013,Osh,Male,105.5
2014,Osh,Male,98.5
2015,Osh,Male,98.5
2016,Osh,Male,89.2
2017,Osh,Male,95.3
2007,Talas,,109.772016
2008,Talas,,98.863075
2009,Talas,,98.836801
2010,Talas,,105.89956
2011,Talas,,107.889182
2012,Talas,,96.876369
2013,Talas,,106.455247
2014,Talas,,101.925994
2015,Talas,,95.886509
2016,Talas,,83.723318
2017,Talas,,73.9
2007,Talas,Female,86.911498
2008,Talas,Female,90.931636
2009,Talas,Female,76.560919
2010,Talas,Female,87
2011,Talas,Female,90.313258
2012,Talas,Female,85.593946
2013,Talas,Female,89.3
2014,Talas,Female,89.6
2015,Talas,Female,81
2016,Talas,Female,67
2017,Talas,Female,66
2007,Talas,Male,132.527127
2008,Talas,Male,106.730401
2009,Talas,Male,121.037767
2010,Talas,Male,124.6
2011,Talas,Male,125.307942
2012,Talas,Male,108.024821
2013,Talas,Male,123.4
2014,Talas,Male,114.1
2015,Talas,Male,110.5
2016,Talas,Male,100.1
2017,Talas,Male,81.6
2007,Chui,,158.506191
2008,Chui,,166.836568
2009,Chui,,155.181689
2010,Chui,,154.517607
2011,Chui,,158.539192
2012,Chui,,156.780391
2013,Chui,,144.320612
2014,Chui,,129.231041
2015,Chui,,141.654663
2016,Chui,,135.218207
2017,Chui,,136.2
2007,Chui,Female,125.927217
2008,Chui,Female,125.534299
2009,Chui,Female,117.922225
2010,Chui,Female,125
2011,Chui,Female,112.218882
2012,Chui,Female,111.421405
2013,Chui,Female,108.3
2014,Chui,Female,108.3
2015,Chui,Female,118.6
2016,Chui,Female,111
2017,Chui,Female,108.3
2007,Chui,Male,191.988363
2008,Chui,Male,209.227296
2009,Chui,Male,193.791585
2010,Chui,Male,185.1
2011,Chui,Male,206.421677
2012,Chui,Male,203.602691
2013,Chui,Male,181.5
2014,Chui,Male,150.8
2015,Chui,Male,165.4
2016,Chui,Male,160.2
2017,Chui,Male,165
2007,Bishkek (city),,174.387607
2008,Bishkek (city),,123.075571
2009,Bishkek (city),,114.473037
2010,Bishkek (city),,113.112758
2011,Bishkek (city),,114.984154
2012,Bishkek (city),,123.691851
2013,Bishkek (city),,126.393198
2014,Bishkek (city),,133.511493
2015,Bishkek (city),,132.924152
2016,Bishkek (city),,114.6052
2017,Bishkek (city),,113.1
2007,Bishkek (city),Female,121.389891
2008,Bishkek (city),Female,101.464217
2009,Bishkek (city),Female,90.39282
2010,Bishkek (city),Female,91.9
2011,Bishkek (city),Female,90.229385
2012,Bishkek (city),Female,97.405136
2013,Bishkek (city),Female,110.2
2014,Bishkek (city),Female,108.1
2015,Bishkek (city),Female,103.1
2016,Bishkek (city),Female,92.2
2017,Bishkek (city),Female,91.3
2007,Bishkek (city),Male,232.398826
2008,Bishkek (city),Male,146.699891
2009,Bishkek (city),Male,142.327909
2010,Bishkek (city),Male,137.6
2011,Bishkek (city),Male,143.529739
2012,Bishkek (city),Male,153.949048
2013,Bishkek (city),Male,145
2014,Bishkek (city),Male,162.1
2015,Bishkek (city),Male,167
2016,Bishkek (city),Male,140.2
2017,Bishkek (city),Male,137.8
2007,Osh (city),,103.296686
2008,Osh (city),,99.531522
2009,Osh (city),,99.784188
2010,Osh (city),,85.444525
2011,Osh (city),,88.724902
2012,Osh (city),,98.392408
2013,Osh (city),,83.705251
2014,Osh (city),,103.082002
2015,Osh (city),,89.736358
2016,Osh (city),,92.52618
2017,Osh (city),,89.7
2007,Osh (city),Female,83.113365
2008,Osh (city),Female,63.749059
2009,Osh (city),Female,82.603422
2010,Osh (city),Female,68
2011,Osh (city),Female,75.035079
2012,Osh (city),Female,78.139535
2013,Osh (city),Female,64.4
2014,Osh (city),Female,92.2
2015,Osh (city),Female,78.5
2016,Osh (city),Female,77.6
2017,Osh (city),Female,75.3
2007,Osh (city),Male,125.184647
2008,Osh (city),Male,138.35178
2009,Osh (city),Male,118.375597
2010,Osh (city),Male,104.4
2011,Osh (city),Male,103.609189
2012,Osh (city),Male,120.379721
2013,Osh (city),Male,104.5
2014,Osh (city),Male,114.8
2015,Osh (city),Male,101.8
2016,Osh (city),Male,108.5
2017,Osh (city),Male,105.2
