Year,concept.SEX,concept.COMPOSITE_BREAKDOWN,Value
2005,CL_SEX.M,,2331
2006,CL_SEX.M,,2083
2007,CL_SEX.M,,2050
2008,CL_SEX.M,,1833
2009,CL_SEX.M,,1813
2010,CL_SEX.M,,2178
2011,CL_SEX.M,,2406
2012,CL_SEX.M,,1920
2013,CL_SEX.M,,1708
2014,CL_SEX.M,,1453
2015,CL_SEX.M,,1254
2016,CL_SEX.M,,1469
2017,CL_SEX.M,,1464
2018,CL_SEX.M,,1622
2019,CL_SEX.M,,1662
2005,CL_SEX.M,CL_COMP_BREAKDOWN._L_CSE_MATDIFF,295
2006,CL_SEX.M,CL_COMP_BREAKDOWN._L_CSE_MATDIFF,151
2007,CL_SEX.M,CL_COMP_BREAKDOWN._L_CSE_MATDIFF,154
2008,CL_SEX.M,CL_COMP_BREAKDOWN._L_CSE_MATDIFF,168
2009,CL_SEX.M,CL_COMP_BREAKDOWN._L_CSE_MATDIFF,94
2010,CL_SEX.M,CL_COMP_BREAKDOWN._L_CSE_MATDIFF,85
2011,CL_SEX.M,CL_COMP_BREAKDOWN._L_CSE_MATDIFF,226
2012,CL_SEX.M,CL_COMP_BREAKDOWN._L_CSE_MATDIFF,157
2013,CL_SEX.M,CL_COMP_BREAKDOWN._L_CSE_MATDIFF,55
2014,CL_SEX.M,CL_COMP_BREAKDOWN._L_CSE_MATDIFF,80
2015,CL_SEX.M,CL_COMP_BREAKDOWN._L_CSE_MATDIFF,80
2016,CL_SEX.M,CL_COMP_BREAKDOWN._L_CSE_MATDIFF,84
2017,CL_SEX.M,CL_COMP_BREAKDOWN._L_CSE_MATDIFF,99
2018,CL_SEX.M,CL_COMP_BREAKDOWN._L_CSE_MATDIFF,104
2019,CL_SEX.M,CL_COMP_BREAKDOWN._L_CSE_MATDIFF,152
2005,CL_SEX.M,CL_COMP_BREAKDOWN._L_CSE_PARENTS,86
2006,CL_SEX.M,CL_COMP_BREAKDOWN._L_CSE_PARENTS,128
2007,CL_SEX.M,CL_COMP_BREAKDOWN._L_CSE_PARENTS,116
2008,CL_SEX.M,CL_COMP_BREAKDOWN._L_CSE_PARENTS,74
2009,CL_SEX.M,CL_COMP_BREAKDOWN._L_CSE_PARENTS,55
2010,CL_SEX.M,CL_COMP_BREAKDOWN._L_CSE_PARENTS,151
2011,CL_SEX.M,CL_COMP_BREAKDOWN._L_CSE_PARENTS,72
2012,CL_SEX.M,CL_COMP_BREAKDOWN._L_CSE_PARENTS,27
2013,CL_SEX.M,CL_COMP_BREAKDOWN._L_CSE_PARENTS,32
2014,CL_SEX.M,CL_COMP_BREAKDOWN._L_CSE_PARENTS,3
2015,CL_SEX.M,CL_COMP_BREAKDOWN._L_CSE_PARENTS,16
2016,CL_SEX.M,CL_COMP_BREAKDOWN._L_CSE_PARENTS,17
2017,CL_SEX.M,CL_COMP_BREAKDOWN._L_CSE_PARENTS,24
2018,CL_SEX.M,CL_COMP_BREAKDOWN._L_CSE_PARENTS,39
2019,CL_SEX.M,CL_COMP_BREAKDOWN._L_CSE_PARENTS,4
2013,CL_SEX.M,CL_COMP_BREAKDOWN._L_CSE_NODOC,3
2014,CL_SEX.M,CL_COMP_BREAKDOWN._L_CSE_NODOC,1
2015,CL_SEX.M,CL_COMP_BREAKDOWN._L_CSE_NODOC,8
2016,CL_SEX.M,CL_COMP_BREAKDOWN._L_CSE_NODOC,3
2018,CL_SEX.M,CL_COMP_BREAKDOWN._L_CSE_NODOC,4
2005,CL_SEX.M,CL_COMP_BREAKDOWN._L_CSE_DOM,208
2006,CL_SEX.M,CL_COMP_BREAKDOWN._L_CSE_DOM,140
2007,CL_SEX.M,CL_COMP_BREAKDOWN._L_CSE_DOM,175
2008,CL_SEX.M,CL_COMP_BREAKDOWN._L_CSE_DOM,540
2009,CL_SEX.M,CL_COMP_BREAKDOWN._L_CSE_DOM,321
2010,CL_SEX.M,CL_COMP_BREAKDOWN._L_CSE_DOM,287
2011,CL_SEX.M,CL_COMP_BREAKDOWN._L_CSE_DOM,466
2012,CL_SEX.M,CL_COMP_BREAKDOWN._L_CSE_DOM,414
2013,CL_SEX.M,CL_COMP_BREAKDOWN._L_CSE_DOM,147
2014,CL_SEX.M,CL_COMP_BREAKDOWN._L_CSE_DOM,359
2015,CL_SEX.M,CL_COMP_BREAKDOWN._L_CSE_DOM,175
2016,CL_SEX.M,CL_COMP_BREAKDOWN._L_CSE_DOM,287
2017,CL_SEX.M,CL_COMP_BREAKDOWN._L_CSE_DOM,320
2018,CL_SEX.M,CL_COMP_BREAKDOWN._L_CSE_DOM,400
2019,CL_SEX.M,CL_COMP_BREAKDOWN._L_CSE_DOM,374
2005,CL_SEX.M,CL_COMP_BREAKDOWN._L_CSE_UNWILL,222
2006,CL_SEX.M,CL_COMP_BREAKDOWN._L_CSE_UNWILL,142
2007,CL_SEX.M,CL_COMP_BREAKDOWN._L_CSE_UNWILL,127
2008,CL_SEX.M,CL_COMP_BREAKDOWN._L_CSE_UNWILL,123
2009,CL_SEX.M,CL_COMP_BREAKDOWN._L_CSE_UNWILL,124
2010,CL_SEX.M,CL_COMP_BREAKDOWN._L_CSE_UNWILL,203
2011,CL_SEX.M,CL_COMP_BREAKDOWN._L_CSE_UNWILL,131
2012,CL_SEX.M,CL_COMP_BREAKDOWN._L_CSE_UNWILL,115
2013,CL_SEX.M,CL_COMP_BREAKDOWN._L_CSE_UNWILL,69
2014,CL_SEX.M,CL_COMP_BREAKDOWN._L_CSE_UNWILL,61
2015,CL_SEX.M,CL_COMP_BREAKDOWN._L_CSE_UNWILL,38
2016,CL_SEX.M,CL_COMP_BREAKDOWN._L_CSE_UNWILL,26
2017,CL_SEX.M,CL_COMP_BREAKDOWN._L_CSE_UNWILL,29
2018,CL_SEX.M,CL_COMP_BREAKDOWN._L_CSE_UNWILL,66
2019,CL_SEX.M,CL_COMP_BREAKDOWN._L_CSE_UNWILL,34
2005,CL_SEX.M,CL_COMP_BREAKDOWN._L_CSE_FAMILY,87
2006,CL_SEX.M,CL_COMP_BREAKDOWN._L_CSE_FAMILY,65
2007,CL_SEX.M,CL_COMP_BREAKDOWN._L_CSE_FAMILY,72
2008,CL_SEX.M,CL_COMP_BREAKDOWN._L_CSE_FAMILY,64
2009,CL_SEX.M,CL_COMP_BREAKDOWN._L_CSE_FAMILY,15
2010,CL_SEX.M,CL_COMP_BREAKDOWN._L_CSE_FAMILY,27
2011,CL_SEX.M,CL_COMP_BREAKDOWN._L_CSE_FAMILY,40
2012,CL_SEX.M,CL_COMP_BREAKDOWN._L_CSE_FAMILY,23
2013,CL_SEX.M,CL_COMP_BREAKDOWN._L_CSE_FAMILY,14
2014,CL_SEX.M,CL_COMP_BREAKDOWN._L_CSE_FAMILY,7
2015,CL_SEX.M,CL_COMP_BREAKDOWN._L_CSE_FAMILY,8
2016,CL_SEX.M,CL_COMP_BREAKDOWN._L_CSE_FAMILY,8
2017,CL_SEX.M,CL_COMP_BREAKDOWN._L_CSE_FAMILY,9
2018,CL_SEX.M,CL_COMP_BREAKDOWN._L_CSE_FAMILY,12
2019,CL_SEX.M,CL_COMP_BREAKDOWN._L_CSE_FAMILY,13
2005,CL_SEX.M,CL_COMP_BREAKDOWN._L_CSE_NOLANG,11
2006,CL_SEX.M,CL_COMP_BREAKDOWN._L_CSE_NOLANG,9
2007,CL_SEX.M,CL_COMP_BREAKDOWN._L_CSE_NOLANG,1
2008,CL_SEX.M,CL_COMP_BREAKDOWN._L_CSE_NOLANG,3
2009,CL_SEX.M,CL_COMP_BREAKDOWN._L_CSE_NOLANG,16
2010,CL_SEX.M,CL_COMP_BREAKDOWN._L_CSE_NOLANG,9
2011,CL_SEX.M,CL_COMP_BREAKDOWN._L_CSE_NOLANG,4
2012,CL_SEX.M,CL_COMP_BREAKDOWN._L_CSE_NOLANG,4
2013,CL_SEX.M,CL_COMP_BREAKDOWN._L_CSE_NOLANG,6
2018,CL_SEX.M,CL_COMP_BREAKDOWN._L_CSE_NOLANG,0
2014,CL_SEX.M,CL_COMP_BREAKDOWN._L_CSE_MARR,3
2005,CL_SEX.M,CL_COMP_BREAKDOWN._L_CSE_WORK,102
2006,CL_SEX.M,CL_COMP_BREAKDOWN._L_CSE_WORK,218
2007,CL_SEX.M,CL_COMP_BREAKDOWN._L_CSE_WORK,204
2008,CL_SEX.M,CL_COMP_BREAKDOWN._L_CSE_WORK,79
2009,CL_SEX.M,CL_COMP_BREAKDOWN._L_CSE_WORK,185
2010,CL_SEX.M,CL_COMP_BREAKDOWN._L_CSE_WORK,183
2011,CL_SEX.M,CL_COMP_BREAKDOWN._L_CSE_WORK,211
2012,CL_SEX.M,CL_COMP_BREAKDOWN._L_CSE_WORK,136
2013,CL_SEX.M,CL_COMP_BREAKDOWN._L_CSE_WORK,641
2014,CL_SEX.M,CL_COMP_BREAKDOWN._L_CSE_WORK,114
2015,CL_SEX.M,CL_COMP_BREAKDOWN._L_CSE_WORK,89
2016,CL_SEX.M,CL_COMP_BREAKDOWN._L_CSE_WORK,241
2017,CL_SEX.M,CL_COMP_BREAKDOWN._L_CSE_WORK,218
2018,CL_SEX.M,CL_COMP_BREAKDOWN._L_CSE_WORK,108
2019,CL_SEX.M,CL_COMP_BREAKDOWN._L_CSE_WORK,121
2013,CL_SEX.M,CL_COMP_BREAKDOWN._L_CSE_TRANSPORT,2
2014,CL_SEX.M,CL_COMP_BREAKDOWN._L_CSE_TRANSPORT,3
2016,CL_SEX.M,CL_COMP_BREAKDOWN._L_CSE_TRANSPORT,2
2018,CL_SEX.M,CL_COMP_BREAKDOWN._L_CSE_TRANSPORT,3
2013,CL_SEX.M,CL_COMP_BREAKDOWN._L_CSE_SEASWORK,19
2014,CL_SEX.M,CL_COMP_BREAKDOWN._L_CSE_SEASWORK,26
2015,CL_SEX.M,CL_COMP_BREAKDOWN._L_CSE_SEASWORK,98
2016,CL_SEX.M,CL_COMP_BREAKDOWN._L_CSE_SEASWORK,6
2017,CL_SEX.M,CL_COMP_BREAKDOWN._L_CSE_SEASWORK,2
2018,CL_SEX.M,CL_COMP_BREAKDOWN._L_CSE_SEASWORK,11
2019,CL_SEX.M,CL_COMP_BREAKDOWN._L_CSE_SEASWORK,17
2013,CL_SEX.M,CL_COMP_BREAKDOWN._L_CSE_AGE,2
2014,CL_SEX.M,CL_COMP_BREAKDOWN._L_CSE_AGE,5
2015,CL_SEX.M,CL_COMP_BREAKDOWN._L_CSE_AGE,0
2016,CL_SEX.M,CL_COMP_BREAKDOWN._L_CSE_AGE,1
2018,CL_SEX.M,CL_COMP_BREAKDOWN._L_CSE_AGE,20
2019,CL_SEX.M,CL_COMP_BREAKDOWN._L_CSE_AGE,6
2005,CL_SEX.M,CL_COMP_BREAKDOWN._L_CSE_SICK,310
2006,CL_SEX.M,CL_COMP_BREAKDOWN._L_CSE_SICK,271
2007,CL_SEX.M,CL_COMP_BREAKDOWN._L_CSE_SICK,301
2008,CL_SEX.M,CL_COMP_BREAKDOWN._L_CSE_SICK,153
2009,CL_SEX.M,CL_COMP_BREAKDOWN._L_CSE_SICK,230
2010,CL_SEX.M,CL_COMP_BREAKDOWN._L_CSE_SICK,381
2011,CL_SEX.M,CL_COMP_BREAKDOWN._L_CSE_SICK,297
2012,CL_SEX.M,CL_COMP_BREAKDOWN._L_CSE_SICK,271
2013,CL_SEX.M,CL_COMP_BREAKDOWN._L_CSE_SICK,44
2014,CL_SEX.M,CL_COMP_BREAKDOWN._L_CSE_SICK,55
2015,CL_SEX.M,CL_COMP_BREAKDOWN._L_CSE_SICK,24
2016,CL_SEX.M,CL_COMP_BREAKDOWN._L_CSE_SICK,39
2017,CL_SEX.M,CL_COMP_BREAKDOWN._L_CSE_SICK,27
2018,CL_SEX.M,CL_COMP_BREAKDOWN._L_CSE_SICK,44
2019,CL_SEX.M,CL_COMP_BREAKDOWN._L_CSE_SICK,35
2005,CL_SEX.M,CL_COMP_BREAKDOWN._L_CSE_DISAB,908
2006,CL_SEX.M,CL_COMP_BREAKDOWN._L_CSE_DISAB,812
2007,CL_SEX.M,CL_COMP_BREAKDOWN._L_CSE_DISAB,756
2008,CL_SEX.M,CL_COMP_BREAKDOWN._L_CSE_DISAB,541
2009,CL_SEX.M,CL_COMP_BREAKDOWN._L_CSE_DISAB,644
2010,CL_SEX.M,CL_COMP_BREAKDOWN._L_CSE_DISAB,611
2011,CL_SEX.M,CL_COMP_BREAKDOWN._L_CSE_DISAB,759
2012,CL_SEX.M,CL_COMP_BREAKDOWN._L_CSE_DISAB,599
2013,CL_SEX.M,CL_COMP_BREAKDOWN._L_CSE_DISAB,674
2014,CL_SEX.M,CL_COMP_BREAKDOWN._L_CSE_DISAB,736
2015,CL_SEX.M,CL_COMP_BREAKDOWN._L_CSE_DISAB,716
2016,CL_SEX.M,CL_COMP_BREAKDOWN._L_CSE_DISAB,755
2017,CL_SEX.M,CL_COMP_BREAKDOWN._L_CSE_DISAB,736
2018,CL_SEX.M,CL_COMP_BREAKDOWN._L_CSE_DISAB,811
2019,CL_SEX.M,CL_COMP_BREAKDOWN._L_CSE_DISAB,906
2005,CL_SEX.M,CL_COMP_BREAKDOWN._L_CSE_OTHER,102
2006,CL_SEX.M,CL_COMP_BREAKDOWN._L_CSE_OTHER,147
2007,CL_SEX.M,CL_COMP_BREAKDOWN._L_CSE_OTHER,144
2008,CL_SEX.M,CL_COMP_BREAKDOWN._L_CSE_OTHER,88
2009,CL_SEX.M,CL_COMP_BREAKDOWN._L_CSE_OTHER,129
2010,CL_SEX.M,CL_COMP_BREAKDOWN._L_CSE_OTHER,241
2011,CL_SEX.M,CL_COMP_BREAKDOWN._L_CSE_OTHER,200
2012,CL_SEX.M,CL_COMP_BREAKDOWN._L_CSE_OTHER,174
2005,CL_SEX.F,,1360
2006,CL_SEX.F,,1448
2007,CL_SEX.F,,1303
2008,CL_SEX.F,,1122
2009,CL_SEX.F,,1207
2010,CL_SEX.F,,1454
2011,CL_SEX.F,,1575
2012,CL_SEX.F,,1265
2013,CL_SEX.F,,1193
2014,CL_SEX.F,,1170
2015,CL_SEX.F,,972
2016,CL_SEX.F,,1107
2017,CL_SEX.F,,1149
2018,CL_SEX.F,,1204
2019,CL_SEX.F,,1172
2005,CL_SEX.F,CL_COMP_BREAKDOWN._L_CSE_MATDIFF,137
2006,CL_SEX.F,CL_COMP_BREAKDOWN._L_CSE_MATDIFF,120
2007,CL_SEX.F,CL_COMP_BREAKDOWN._L_CSE_MATDIFF,101
2008,CL_SEX.F,CL_COMP_BREAKDOWN._L_CSE_MATDIFF,91
2009,CL_SEX.F,CL_COMP_BREAKDOWN._L_CSE_MATDIFF,78
2010,CL_SEX.F,CL_COMP_BREAKDOWN._L_CSE_MATDIFF,61
2011,CL_SEX.F,CL_COMP_BREAKDOWN._L_CSE_MATDIFF,133
2012,CL_SEX.F,CL_COMP_BREAKDOWN._L_CSE_MATDIFF,97
2013,CL_SEX.F,CL_COMP_BREAKDOWN._L_CSE_MATDIFF,44
2014,CL_SEX.F,CL_COMP_BREAKDOWN._L_CSE_MATDIFF,106
2015,CL_SEX.F,CL_COMP_BREAKDOWN._L_CSE_MATDIFF,49
2016,CL_SEX.F,CL_COMP_BREAKDOWN._L_CSE_MATDIFF,90
2017,CL_SEX.F,CL_COMP_BREAKDOWN._L_CSE_MATDIFF,147
2018,CL_SEX.F,CL_COMP_BREAKDOWN._L_CSE_MATDIFF,118
2019,CL_SEX.F,CL_COMP_BREAKDOWN._L_CSE_MATDIFF,110
2005,CL_SEX.F,CL_COMP_BREAKDOWN._L_CSE_PARENTS,41
2006,CL_SEX.F,CL_COMP_BREAKDOWN._L_CSE_PARENTS,86
2007,CL_SEX.F,CL_COMP_BREAKDOWN._L_CSE_PARENTS,64
2008,CL_SEX.F,CL_COMP_BREAKDOWN._L_CSE_PARENTS,65
2009,CL_SEX.F,CL_COMP_BREAKDOWN._L_CSE_PARENTS,46
2010,CL_SEX.F,CL_COMP_BREAKDOWN._L_CSE_PARENTS,114
2011,CL_SEX.F,CL_COMP_BREAKDOWN._L_CSE_PARENTS,77
2012,CL_SEX.F,CL_COMP_BREAKDOWN._L_CSE_PARENTS,24
2013,CL_SEX.F,CL_COMP_BREAKDOWN._L_CSE_PARENTS,32
2014,CL_SEX.F,CL_COMP_BREAKDOWN._L_CSE_PARENTS,7
2015,CL_SEX.F,CL_COMP_BREAKDOWN._L_CSE_PARENTS,19
2016,CL_SEX.F,CL_COMP_BREAKDOWN._L_CSE_PARENTS,18
2017,CL_SEX.F,CL_COMP_BREAKDOWN._L_CSE_PARENTS,22
2018,CL_SEX.F,CL_COMP_BREAKDOWN._L_CSE_PARENTS,30
2019,CL_SEX.F,CL_COMP_BREAKDOWN._L_CSE_PARENTS,8
2013,CL_SEX.F,CL_COMP_BREAKDOWN._L_CSE_NODOC,5
2015,CL_SEX.F,CL_COMP_BREAKDOWN._L_CSE_NODOC,3
2016,CL_SEX.F,CL_COMP_BREAKDOWN._L_CSE_NODOC,6
2005,CL_SEX.F,CL_COMP_BREAKDOWN._L_CSE_DOM,116
2006,CL_SEX.F,CL_COMP_BREAKDOWN._L_CSE_DOM,94
2007,CL_SEX.F,CL_COMP_BREAKDOWN._L_CSE_DOM,83
2008,CL_SEX.F,CL_COMP_BREAKDOWN._L_CSE_DOM,317
2009,CL_SEX.F,CL_COMP_BREAKDOWN._L_CSE_DOM,215
2010,CL_SEX.F,CL_COMP_BREAKDOWN._L_CSE_DOM,237
2011,CL_SEX.F,CL_COMP_BREAKDOWN._L_CSE_DOM,286
2012,CL_SEX.F,CL_COMP_BREAKDOWN._L_CSE_DOM,230
2013,CL_SEX.F,CL_COMP_BREAKDOWN._L_CSE_DOM,89
2014,CL_SEX.F,CL_COMP_BREAKDOWN._L_CSE_DOM,299
2015,CL_SEX.F,CL_COMP_BREAKDOWN._L_CSE_DOM,132
2016,CL_SEX.F,CL_COMP_BREAKDOWN._L_CSE_DOM,194
2017,CL_SEX.F,CL_COMP_BREAKDOWN._L_CSE_DOM,220
2018,CL_SEX.F,CL_COMP_BREAKDOWN._L_CSE_DOM,272
2019,CL_SEX.F,CL_COMP_BREAKDOWN._L_CSE_DOM,260
2005,CL_SEX.F,CL_COMP_BREAKDOWN._L_CSE_UNWILL,64
2006,CL_SEX.F,CL_COMP_BREAKDOWN._L_CSE_UNWILL,75
2007,CL_SEX.F,CL_COMP_BREAKDOWN._L_CSE_UNWILL,55
2008,CL_SEX.F,CL_COMP_BREAKDOWN._L_CSE_UNWILL,64
2009,CL_SEX.F,CL_COMP_BREAKDOWN._L_CSE_UNWILL,78
2010,CL_SEX.F,CL_COMP_BREAKDOWN._L_CSE_UNWILL,127
2011,CL_SEX.F,CL_COMP_BREAKDOWN._L_CSE_UNWILL,46
2012,CL_SEX.F,CL_COMP_BREAKDOWN._L_CSE_UNWILL,31
2013,CL_SEX.F,CL_COMP_BREAKDOWN._L_CSE_UNWILL,46
2014,CL_SEX.F,CL_COMP_BREAKDOWN._L_CSE_UNWILL,49
2015,CL_SEX.F,CL_COMP_BREAKDOWN._L_CSE_UNWILL,41
2016,CL_SEX.F,CL_COMP_BREAKDOWN._L_CSE_UNWILL,12
2017,CL_SEX.F,CL_COMP_BREAKDOWN._L_CSE_UNWILL,10
2018,CL_SEX.F,CL_COMP_BREAKDOWN._L_CSE_UNWILL,73
2019,CL_SEX.F,CL_COMP_BREAKDOWN._L_CSE_UNWILL,33
2005,CL_SEX.F,CL_COMP_BREAKDOWN._L_CSE_FAMILY,31
2006,CL_SEX.F,CL_COMP_BREAKDOWN._L_CSE_FAMILY,22
2007,CL_SEX.F,CL_COMP_BREAKDOWN._L_CSE_FAMILY,39
2008,CL_SEX.F,CL_COMP_BREAKDOWN._L_CSE_FAMILY,24
2009,CL_SEX.F,CL_COMP_BREAKDOWN._L_CSE_FAMILY,7
2010,CL_SEX.F,CL_COMP_BREAKDOWN._L_CSE_FAMILY,13
2011,CL_SEX.F,CL_COMP_BREAKDOWN._L_CSE_FAMILY,36
2012,CL_SEX.F,CL_COMP_BREAKDOWN._L_CSE_FAMILY,13
2013,CL_SEX.F,CL_COMP_BREAKDOWN._L_CSE_FAMILY,10
2014,CL_SEX.F,CL_COMP_BREAKDOWN._L_CSE_FAMILY,5
2015,CL_SEX.F,CL_COMP_BREAKDOWN._L_CSE_FAMILY,9
2016,CL_SEX.F,CL_COMP_BREAKDOWN._L_CSE_FAMILY,5
2017,CL_SEX.F,CL_COMP_BREAKDOWN._L_CSE_FAMILY,11
2018,CL_SEX.F,CL_COMP_BREAKDOWN._L_CSE_FAMILY,10
2019,CL_SEX.F,CL_COMP_BREAKDOWN._L_CSE_FAMILY,17
2005,CL_SEX.F,CL_COMP_BREAKDOWN._L_CSE_NOLANG,14
2006,CL_SEX.F,CL_COMP_BREAKDOWN._L_CSE_NOLANG,1
2007,CL_SEX.F,CL_COMP_BREAKDOWN._L_CSE_NOLANG,2
2008,CL_SEX.F,CL_COMP_BREAKDOWN._L_CSE_NOLANG,6
2009,CL_SEX.F,CL_COMP_BREAKDOWN._L_CSE_NOLANG,20
2010,CL_SEX.F,CL_COMP_BREAKDOWN._L_CSE_NOLANG,21
2011,CL_SEX.F,CL_COMP_BREAKDOWN._L_CSE_NOLANG,1
2012,CL_SEX.F,CL_COMP_BREAKDOWN._L_CSE_NOLANG,1
2013,CL_SEX.F,CL_COMP_BREAKDOWN._L_CSE_NOLANG,3
2014,CL_SEX.F,CL_COMP_BREAKDOWN._L_CSE_NOLANG,1
2017,CL_SEX.F,CL_COMP_BREAKDOWN._L_CSE_NOLANG,1
2018,CL_SEX.F,CL_COMP_BREAKDOWN._L_CSE_NOLANG,0
2013,CL_SEX.F,CL_COMP_BREAKDOWN._L_CSE_MARR,4
2014,CL_SEX.F,CL_COMP_BREAKDOWN._L_CSE_MARR,3
2018,CL_SEX.F,CL_COMP_BREAKDOWN._L_CSE_MARR,0
2005,CL_SEX.F,CL_COMP_BREAKDOWN._L_CSE_WORK,39
2006,CL_SEX.F,CL_COMP_BREAKDOWN._L_CSE_WORK,144
2007,CL_SEX.F,CL_COMP_BREAKDOWN._L_CSE_WORK,94
2008,CL_SEX.F,CL_COMP_BREAKDOWN._L_CSE_WORK,40
2009,CL_SEX.F,CL_COMP_BREAKDOWN._L_CSE_WORK,66
2010,CL_SEX.F,CL_COMP_BREAKDOWN._L_CSE_WORK,74
2011,CL_SEX.F,CL_COMP_BREAKDOWN._L_CSE_WORK,115
2012,CL_SEX.F,CL_COMP_BREAKDOWN._L_CSE_WORK,88
2013,CL_SEX.F,CL_COMP_BREAKDOWN._L_CSE_WORK,380
2014,CL_SEX.F,CL_COMP_BREAKDOWN._L_CSE_WORK,75
2015,CL_SEX.F,CL_COMP_BREAKDOWN._L_CSE_WORK,60
2016,CL_SEX.F,CL_COMP_BREAKDOWN._L_CSE_WORK,204
2017,CL_SEX.F,CL_COMP_BREAKDOWN._L_CSE_WORK,199
2018,CL_SEX.F,CL_COMP_BREAKDOWN._L_CSE_WORK,121
2019,CL_SEX.F,CL_COMP_BREAKDOWN._L_CSE_WORK,91
2018,CL_SEX.F,CL_COMP_BREAKDOWN._L_CSE_TRANSPORT,2
2013,CL_SEX.F,CL_COMP_BREAKDOWN._L_CSE_SEASWORK,4
2014,CL_SEX.F,CL_COMP_BREAKDOWN._L_CSE_SEASWORK,7
2015,CL_SEX.F,CL_COMP_BREAKDOWN._L_CSE_SEASWORK,79
2017,CL_SEX.F,CL_COMP_BREAKDOWN._L_CSE_SEASWORK,1
2018,CL_SEX.F,CL_COMP_BREAKDOWN._L_CSE_SEASWORK,4
2019,CL_SEX.F,CL_COMP_BREAKDOWN._L_CSE_SEASWORK,8
2014,CL_SEX.F,CL_COMP_BREAKDOWN._L_CSE_AGE,4
2015,CL_SEX.F,CL_COMP_BREAKDOWN._L_CSE_AGE,2
2017,CL_SEX.F,CL_COMP_BREAKDOWN._L_CSE_AGE,1
2018,CL_SEX.F,CL_COMP_BREAKDOWN._L_CSE_AGE,18
2019,CL_SEX.F,CL_COMP_BREAKDOWN._L_CSE_AGE,3
2005,CL_SEX.F,CL_COMP_BREAKDOWN._L_CSE_SICK,196
2006,CL_SEX.F,CL_COMP_BREAKDOWN._L_CSE_SICK,213
2007,CL_SEX.F,CL_COMP_BREAKDOWN._L_CSE_SICK,219
2008,CL_SEX.F,CL_COMP_BREAKDOWN._L_CSE_SICK,99
2009,CL_SEX.F,CL_COMP_BREAKDOWN._L_CSE_SICK,195
2010,CL_SEX.F,CL_COMP_BREAKDOWN._L_CSE_SICK,260
2011,CL_SEX.F,CL_COMP_BREAKDOWN._L_CSE_SICK,233
2012,CL_SEX.F,CL_COMP_BREAKDOWN._L_CSE_SICK,213
2013,CL_SEX.F,CL_COMP_BREAKDOWN._L_CSE_SICK,45
2014,CL_SEX.F,CL_COMP_BREAKDOWN._L_CSE_SICK,60
2015,CL_SEX.F,CL_COMP_BREAKDOWN._L_CSE_SICK,14
2016,CL_SEX.F,CL_COMP_BREAKDOWN._L_CSE_SICK,36
2017,CL_SEX.F,CL_COMP_BREAKDOWN._L_CSE_SICK,20
2018,CL_SEX.F,CL_COMP_BREAKDOWN._L_CSE_SICK,31
2019,CL_SEX.F,CL_COMP_BREAKDOWN._L_CSE_SICK,27
2005,CL_SEX.F,CL_COMP_BREAKDOWN._L_CSE_DISAB,658
2006,CL_SEX.F,CL_COMP_BREAKDOWN._L_CSE_DISAB,585
2007,CL_SEX.F,CL_COMP_BREAKDOWN._L_CSE_DISAB,535
2008,CL_SEX.F,CL_COMP_BREAKDOWN._L_CSE_DISAB,349
2009,CL_SEX.F,CL_COMP_BREAKDOWN._L_CSE_DISAB,391
2010,CL_SEX.F,CL_COMP_BREAKDOWN._L_CSE_DISAB,393
2011,CL_SEX.F,CL_COMP_BREAKDOWN._L_CSE_DISAB,515
2012,CL_SEX.F,CL_COMP_BREAKDOWN._L_CSE_DISAB,410
2013,CL_SEX.F,CL_COMP_BREAKDOWN._L_CSE_DISAB,531
2014,CL_SEX.F,CL_COMP_BREAKDOWN._L_CSE_DISAB,554
2015,CL_SEX.F,CL_COMP_BREAKDOWN._L_CSE_DISAB,564
2016,CL_SEX.F,CL_COMP_BREAKDOWN._L_CSE_DISAB,542
2017,CL_SEX.F,CL_COMP_BREAKDOWN._L_CSE_DISAB,517
2018,CL_SEX.F,CL_COMP_BREAKDOWN._L_CSE_DISAB,525
2019,CL_SEX.F,CL_COMP_BREAKDOWN._L_CSE_DISAB,615
2005,CL_SEX.F,CL_COMP_BREAKDOWN._L_CSE_OTHER,64
2006,CL_SEX.F,CL_COMP_BREAKDOWN._L_CSE_OTHER,108
2007,CL_SEX.F,CL_COMP_BREAKDOWN._L_CSE_OTHER,111
2008,CL_SEX.F,CL_COMP_BREAKDOWN._L_CSE_OTHER,67
2009,CL_SEX.F,CL_COMP_BREAKDOWN._L_CSE_OTHER,111
2010,CL_SEX.F,CL_COMP_BREAKDOWN._L_CSE_OTHER,154
2011,CL_SEX.F,CL_COMP_BREAKDOWN._L_CSE_OTHER,133
2012,CL_SEX.F,CL_COMP_BREAKDOWN._L_CSE_OTHER,158
