Year,concept.REF_AREA,concept.URBANISATION,Value
2011,,,92.4
2012,,,93.2
2013,,,89.6
2014,,,88.9
2015,,,89.1
2016,,,89.9
2017,,,91.1
2018,,,91.8
2011,,CL_URBANISATION.U,99.7
2012,,CL_URBANISATION.U,99.8
2013,,CL_URBANISATION.U,99.5
2014,,CL_URBANISATION.U,99.1
2015,,CL_URBANISATION.U,99.1
2016,,CL_URBANISATION.U,99.3
2017,,CL_URBANISATION.U,93.9
2018,,CL_URBANISATION.U,99.3
2011,,CL_URBANISATION.R,88.0
2012,,CL_URBANISATION.R,89.4
2013,,CL_URBANISATION.R,84.4
2014,,CL_URBANISATION.R,83.3
2015,,CL_URBANISATION.R,83.7
2016,,CL_URBANISATION.R,84.9
2017,,CL_URBANISATION.R,86.7
2018,,CL_URBANISATION.R,87.8
2011,CL_AREA.KG05,,69.7
2012,CL_AREA.KG05,,70.0
2013,CL_AREA.KG05,,73.1
2014,CL_AREA.KG05,,74.3
2015,CL_AREA.KG05,,73.3
2016,CL_AREA.KG05,,74.1
2017,CL_AREA.KG05,,79.0
2018,CL_AREA.KG05,,83.6
2011,CL_AREA.KG03,,95.4
2012,CL_AREA.KG03,,96.0
2013,CL_AREA.KG03,,91.6
2014,CL_AREA.KG03,,89.5
2015,CL_AREA.KG03,,87.7
2016,CL_AREA.KG03,,87.3
2017,CL_AREA.KG03,,91.2
2018,CL_AREA.KG03,,86.4
2011,CL_AREA.KG02,,99.0
2012,CL_AREA.KG02,,99.0
2013,CL_AREA.KG02,,93.7
2014,CL_AREA.KG02,,96.8
2015,CL_AREA.KG02,,96.4
2016,CL_AREA.KG02,,97.3
2017,CL_AREA.KG02,,97.0
2018,CL_AREA.KG02,,96.0
2011,CL_AREA.KG04,,89.2
2012,CL_AREA.KG04,,89.1
2013,CL_AREA.KG04,,86.8
2014,CL_AREA.KG04,,84.4
2015,CL_AREA.KG04,,90.3
2016,CL_AREA.KG04,,95.9
2017,CL_AREA.KG04,,95.8
2018,CL_AREA.KG04,,96.3
2011,CL_AREA.KG06,,86.4
2012,CL_AREA.KG06,,88.7
2013,CL_AREA.KG06,,73.7
2014,CL_AREA.KG06,,72.9
2015,CL_AREA.KG06,,74.5
2016,CL_AREA.KG06,,76.4
2017,CL_AREA.KG06,,77.3
2018,CL_AREA.KG06,,83.2
2011,CL_AREA.KG07,,96.5
2012,CL_AREA.KG07,,97.6
2013,CL_AREA.KG07,,99.7
2014,CL_AREA.KG07,,99.7
2015,CL_AREA.KG07,,99.2
2016,CL_AREA.KG07,,100.0
2017,CL_AREA.KG07,,99.4
2018,CL_AREA.KG07,,99.4
2011,CL_AREA.KG08,,99.6
2012,CL_AREA.KG08,,99.8
2013,CL_AREA.KG08,,100.0
2014,CL_AREA.KG08,,100.0
2015,CL_AREA.KG08,,100.0
2016,CL_AREA.KG08,,100.0
2017,CL_AREA.KG08,,100.0
2018,CL_AREA.KG08,,100.0
2011,CL_AREA.KG11,,100.0
2012,CL_AREA.KG11,,100.0
2013,CL_AREA.KG11,,99.8
2014,CL_AREA.KG11,,99.8
2015,CL_AREA.KG11,,100.0
2016,CL_AREA.KG11,,100.0
2017,CL_AREA.KG11,,100.0
2018,CL_AREA.KG11,,100.0
2013,CL_AREA.KG21,,99.7
2014,CL_AREA.KG21,,96.5
2015,CL_AREA.KG21,,96.7
2016,CL_AREA.KG21,,100.0
2017,CL_AREA.KG21,,95.7
2018,CL_AREA.KG21,,96.5
