Year,Территория,Пол,Возраст,Тип местности,GeoCode,Value
2007,,,,,,35.0
2008,,,,,,31.7
2009,,,,,,31.7
2010,,,,,,33.7
2011,,,,,,36.8
2012,,,,,,38.0
2013,,,,,,37.0
2014,,,,,,30.6
2015,,,,,,32.1
2016,,,,,,25.4
2017,,,,,,25.6
2018,,,,,,22.4
2019,,,,,,20.124198
2020,,,,,,25.3
2021,,,,,,33.262233
2022,,,,,,33.152856
2007,,Женщины,,,,34.7
2008,,Женщины,,,,31.4
2009,,Женщины,,,,30.7
2010,,Женщины,,,,32.7
2011,,Женщины,,,,36.1
2012,,Женщины,,,,37.2
2013,,Женщины,,,,36.5
2014,,Женщины,,,,29.7
2015,,Женщины,,,,31.5
2016,,Женщины,,,,25.0
2017,,Женщины,,,,25.0
2018,,Женщины,,,,22.5
2019,,Женщины,,,,20.078519
2020,,Женщины,,,,25.3
2021,,Женщины,,,,33.107334
2022,,Женщины,,,,32.831914
2007,,Мужчины,,,,35.4
2008,,Мужчины,,,,32.1
2009,,Мужчины,,,,32.9
2010,,Мужчины,,,,34.8
2011,,Мужчины,,,,37.6
2012,,Мужчины,,,,39.0
2013,,Мужчины,,,,37.5
2014,,Мужчины,,,,31.5
2015,,Мужчины,,,,32.7
2016,,Мужчины,,,,25.7
2017,,Мужчины,,,,26.3
2018,,Мужчины,,,,22.2
2019,,Мужчины,,,,20.175708
2020,,Мужчины,,,,25.3
2021,,Мужчины,,,,33.434792
2022,,Мужчины,,,,33.509346
2010,,,,Городская,,23.6
2014,,,,Городская,,26.9
2015,,,,Городская,,29.3
2016,,,,Городская,,18.6
2017,,,,Городская,,20.4
2018,,,,Городская,,20.1
2019,,,,Городская,,14.7
2020,,,,Городская,,18.3
2021,,,,Городская,,33.257744
2022,,,,Городская,,34.041195
2010,,,,Сельская,,39.5
2014,,,,Сельская,,32.6
2015,,,,Сельская,,33.6
2016,,,,Сельская,,29.0
2017,,,,Сельская,,28.4
2018,,,,Сельская,,23.7
2019,,,,Сельская,,23.2
2020,,,,Сельская,,29.3
2021,,,,Сельская,,33.264901
2022,,,,Сельская,,32.636018
2013,,,до 17 лет,,,45.2
2014,,,до 17 лет,,,37.9
2015,,,до 17 лет,,,40.5
2016,,,до 17 лет,,,31.5
2017,,,до 17 лет,,,32.0
2018,,,до 17 лет,,,28.3
2019,,,до 17 лет,,,25.7
2020,,,до 17 лет,,,31.8
2021,,,до 17 лет,,,40.506762
2022,,,до 17 лет,,,40.271414
2013,,,от 14 до 28 лет,,,35.6
2014,,,от 14 до 28 лет,,,28.5
2015,,,от 14 до 28 лет,,,29.0
2016,,,от 14 до 28 лет,,,23.0
2017,,,от 14 до 28 лет,,,22.9
2018,,,от 14 до 28 лет,,,20.9
2019,,,от 14 до 28 лет,,,16.2
2020,,,от 14 до 28 лет,,,22.0
2021,,,от 14 до 28 лет,,,31.172875
2022,,,от 14 до 28 лет,,,31.568157
2013,,,"от 16 до 62 лет (население трудоспособного возраста: женщины 16-57 лет, мужчины 16-62 лет)",,,33.3
2014,,,"от 16 до 62 лет (население трудоспособного возраста: женщины 16-57 лет, мужчины 16-62 лет)",,,27.0
2015,,,"от 16 до 62 лет (население трудоспособного возраста: женщины 16-57 лет, мужчины 16-62 лет)",,,27.9
2016,,,"от 16 до 62 лет (население трудоспособного возраста: женщины 16-57 лет, мужчины 16-62 лет)",,,21.8
2017,,,"от 16 до 62 лет (население трудоспособного возраста: женщины 16-57 лет, мужчины 16-62 лет)",,,22.0
2018,,,"от 16 до 62 лет (население трудоспособного возраста: женщины 16-57 лет, мужчины 16-62 лет)",,,19.3
2019,,,"от 16 до 62 лет (население трудоспособного возраста: женщины 16-57 лет, мужчины 16-62 лет)",,,17.117237
2020,,,"от 16 до 62 лет (население трудоспособного возраста: женщины 16-57 лет, мужчины 16-62 лет)",,,21.7
2021,,,"от 16 до 62 лет (население трудоспособного возраста: женщины 16-57 лет, мужчины 16-62 лет)",,,29.650855
2022,,,"от 16 до 62 лет (население трудоспособного возраста: женщины 16-57 лет, мужчины 16-62 лет)",,,30.277813
2013,,,"58 лет и старше (население старше струдоспособного возраста: женщины 58 лет и старше, мужчины 63 лет и старше)",,,25.2
2014,,,"58 лет и старше (население старше струдоспособного возраста: женщины 58 лет и старше, мужчины 63 лет и старше)",,,21.3
2015,,,"58 лет и старше (население старше струдоспособного возраста: женщины 58 лет и старше, мужчины 63 лет и старше)",,,21.8
2016,,,"58 лет и старше (население старше струдоспособного возраста: женщины 58 лет и старше, мужчины 63 лет и старше)",,,19.9
2017,,,"58 лет и старше (население старше струдоспособного возраста: женщины 58 лет и старше, мужчины 63 лет и старше)",,,18.9
2018,,,"58 лет и старше (население старше струдоспособного возраста: женщины 58 лет и старше, мужчины 63 лет и старше)",,,14.8
2019,,,"58 лет и старше (население старше струдоспособного возраста: женщины 58 лет и старше, мужчины 63 лет и старше)",,,13.285424
2020,,,"58 лет и старше (население старше струдоспособного возраста: женщины 58 лет и старше, мужчины 63 лет и старше)",,,17.8
2021,,,"58 лет и старше (население старше струдоспособного возраста: женщины 58 лет и старше, мужчины 63 лет и старше)",,,24.097659
2022,,,"58 лет и старше (население старше струдоспособного возраста: женщины 58 лет и старше, мужчины 63 лет и старше)",,,22.733608
2007,Баткенская область,,,,KG05,40.40248
2008,Баткенская область,,,,KG05,20.74156
2009,Баткенская область,,,,KG05,31.472533
2010,Баткенская область,,,,KG05,33.595652
2011,Баткенская область,,,,KG05,35.637925
2012,Баткенская область,,,,KG05,34.23528
2013,Баткенская область,,,,KG05,53.85581
2014,Баткенская область,,,,KG05,40.719692
2015,Баткенская область,,,,KG05,41.156483
2016,Баткенская область,,,,KG05,37.049867
2017,Баткенская область,,,,KG05,40.51893
2018,Баткенская область,,,,KG05,33.773947
2019,Баткенская область,,,,KG05,32.600278
2020,Баткенская область,,,,KG05,34.7
2021,Баткенская область,,,,KG05,40.671538
2022,Баткенская область,,,,KG05,48.492371
2007,Баткенская область,Женщины,,,KG05,41.298197
2008,Баткенская область,Женщины,,,KG05,22.400607
2009,Баткенская область,Женщины,,,KG05,31.273921
2010,Баткенская область,Женщины,,,KG05,31.928278
2011,Баткенская область,Женщины,,,KG05,34.181401
2012,Баткенская область,Женщины,,,KG05,34.639723
2013,Баткенская область,Женщины,,,KG05,53.627067
2014,Баткенская область,Женщины,,,KG05,39.011011
2015,Баткенская область,Женщины,,,KG05,40.926454
2016,Баткенская область,Женщины,,,KG05,36.116547
2017,Баткенская область,Женщины,,,KG05,39.60454
2018,Баткенская область,Женщины,,,KG05,33.671054
2019,Баткенская область,Женщины,,,KG05,32.424874
2020,Баткенская область,Женщины,,,KG05,34.3
2021,Баткенская область,Женщины,,,KG05,40.835744
2022,Баткенская область,Женщины,,,KG05,46.987664
2007,Баткенская область,Мужчины,,,KG05,39.381264
2008,Баткенская область,Мужчины,,,KG05,18.757343
2009,Баткенская область,Мужчины,,,KG05,31.703885
2010,Баткенская область,Мужчины,,,KG05,35.557934
2011,Баткенская область,Мужчины,,,KG05,37.347648
2012,Баткенская область,Мужчины,,,KG05,33.764476
2013,Баткенская область,Мужчины,,,KG05,54.087839
2014,Баткенская область,Мужчины,,,KG05,42.448702
2015,Баткенская область,Мужчины,,,KG05,41.395882
2016,Баткенская область,Мужчины,,,KG05,38.033369
2017,Баткенская область,Мужчины,,,KG05,41.521176
2018,Баткенская область,Мужчины,,,KG05,33.888979
2019,Баткенская область,Мужчины,,,KG05,32.79437
2020,Баткенская область,Мужчины,,,KG05,35.1
2021,Баткенская область,Мужчины,,,KG05,40.494323
2022,Баткенская область,Мужчины,,,KG05,50.118899
2007,Джалал-Абадская область,,,,KG03,53.037853
2008,Джалал-Абадская область,,,,KG03,40.086271
2009,Джалал-Абадская область,,,,KG03,36.873144
2010,Джалал-Абадская область,,,,KG03,44.705496
2011,Джалал-Абадская область,,,,KG03,45.290428
2012,Джалал-Абадская область,,,,KG03,55.657831
2013,Джалал-Абадская область,,,,KG03,46.412538
2014,Джалал-Абадская область,,,,KG03,46.435379
2015,Джалал-Абадская область,,,,KG03,45.092335
2016,Джалал-Абадская область,,,,KG03,32.247345
2017,Джалал-Абадская область,,,,KG03,32.58065
2018,Джалал-Абадская область,,,,KG03,32.21518
2019,Джалал-Абадская область,,,,KG03,26.949229
2020,Джалал-Абадская область,,,,KG03,37.2
2021,Джалал-Абадская область,,,,KG03,43.213902
2022,Джалал-Абадская область,,,,KG03,47.142901
2007,Джалал-Абадская область,Женщины,,,KG03,51.581913
2008,Джалал-Абадская область,Женщины,,,KG03,37.898731
2009,Джалал-Абадская область,Женщины,,,KG03,33.475027
2010,Джалал-Абадская область,Женщины,,,KG03,43.666948
2011,Джалал-Абадская область,Женщины,,,KG03,43.691714
2012,Джалал-Абадская область,Женщины,,,KG03,55.271782
2013,Джалал-Абадская область,Женщины,,,KG03,47.356836
2014,Джалал-Абадская область,Женщины,,,KG03,47.010505
2015,Джалал-Абадская область,Женщины,,,KG03,45.246248
2016,Джалал-Абадская область,Женщины,,,KG03,33.070935
2017,Джалал-Абадская область,Женщины,,,KG03,33.991288
2018,Джалал-Абадская область,Женщины,,,KG03,33.427506
2019,Джалал-Абадская область,Женщины,,,KG03,27.837054
2020,Джалал-Абадская область,Женщины,,,KG03,39.0
2021,Джалал-Абадская область,Женщины,,,KG03,43.253397
2022,Джалал-Абадская область,Женщины,,,KG03,47.199947
2007,Джалал-Абадская область,Мужчины,,,KG03,54.569086
2008,Джалал-Абадская область,Мужчины,,,KG03,42.427936
2009,Джалал-Абадская область,Мужчины,,,KG03,40.528056
2010,Джалал-Абадская область,Мужчины,,,KG03,45.762936
2011,Джалал-Абадская область,Мужчины,,,KG03,46.925946
2012,Джалал-Абадская область,Мужчины,,,KG03,56.050613
2013,Джалал-Абадская область,Мужчины,,,KG03,45.459524
2014,Джалал-Абадская область,Мужчины,,,KG03,45.842338
2015,Джалал-Абадская область,Мужчины,,,KG03,44.933484
2016,Джалал-Абадская область,Мужчины,,,KG03,31.382458
2017,Джалал-Абадская область,Мужчины,,,KG03,31.110381
2018,Джалал-Абадская область,Мужчины,,,KG03,30.924895
2019,Джалал-Абадская область,Мужчины,,,KG03,26.006375
2020,Джалал-Абадская область,Мужчины,,,KG03,35.4
2021,Джалал-Абадская область,Мужчины,,,KG03,43.172054
2022,Джалал-Абадская область,Мужчины,,,KG03,47.082026
2007,Иссык-Кульская область,,,,KG02,38.587156
2008,Иссык-Кульская область,,,,KG02,52.243736
2009,Иссык-Кульская область,,,,KG02,46.090374
2010,Иссык-Кульская область,,,,KG02,38.013539
2011,Иссык-Кульская область,,,,KG02,29.522755
2012,Иссык-Кульская область,,,,KG02,28.137635
2013,Иссык-Кульская область,,,,KG02,39.47799
2014,Иссык-Кульская область,,,,KG02,26.014325
2015,Иссык-Кульская область,,,,KG02,28.892638
2016,Иссык-Кульская область,,,,KG02,24.744553
2017,Иссык-Кульская область,,,,KG02,24.170329
2018,Иссык-Кульская область,,,,KG02,21.52951
2019,Иссык-Кульская область,,,,KG02,24.449709
2020,Иссык-Кульская область,,,,KG02,27.9
2021,Иссык-Кульская область,,,,KG02,38.130315
2022,Иссык-Кульская область,,,,KG02,31.240016
2007,Иссык-Кульская область,Женщины,,,KG02,38.684594
2008,Иссык-Кульская область,Женщины,,,KG02,52.152947
2009,Иссык-Кульская область,Женщины,,,KG02,47.889059
2010,Иссык-Кульская область,Женщины,,,KG02,36.910699
2011,Иссык-Кульская область,Женщины,,,KG02,31.115103
2012,Иссык-Кульская область,Женщины,,,KG02,28.242618
2013,Иссык-Кульская область,Женщины,,,KG02,40.42619
2014,Иссык-Кульская область,Женщины,,,KG02,26.354813
2015,Иссык-Кульская область,Женщины,,,KG02,29.07856
2016,Иссык-Кульская область,Женщины,,,KG02,24.749642
2017,Иссык-Кульская область,Женщины,,,KG02,24.266813
2018,Иссык-Кульская область,Женщины,,,KG02,21.495641
2019,Иссык-Кульская область,Женщины,,,KG02,25.261408
2020,Иссык-Кульская область,Женщины,,,KG02,29.0
2021,Иссык-Кульская область,Женщины,,,KG02,39.052987
2022,Иссык-Кульская область,Женщины,,,KG02,31.228686
2007,Иссык-Кульская область,Мужчины,,,KG02,38.498843
2008,Иссык-Кульская область,Мужчины,,,KG02,52.32036
2009,Иссык-Кульская область,Мужчины,,,KG02,44.51291
2010,Иссык-Кульская область,Мужчины,,,KG02,39.006289
2011,Иссык-Кульская область,Мужчины,,,KG02,28.112247
2012,Иссык-Кульская область,Мужчины,,,KG02,28.021324
2013,Иссык-Кульская область,Мужчины,,,KG02,38.474804
2014,Иссык-Кульская область,Мужчины,,,KG02,25.663079
2015,Иссык-Кульская область,Мужчины,,,KG02,28.701454
2016,Иссык-Кульская область,Мужчины,,,KG02,24.739204
2017,Иссык-Кульская область,Мужчины,,,KG02,24.067407
2018,Иссык-Кульская область,Мужчины,,,KG02,21.566132
2019,Иссык-Кульская область,Мужчины,,,KG02,23.571244
2020,Иссык-Кульская область,Мужчины,,,KG02,26.7
2021,Иссык-Кульская область,Мужчины,,,KG02,37.162402
2022,Иссык-Кульская область,Мужчины,,,KG02,31.252112
2007,Нарынская область,,,,KG04,45.182679
2008,Нарынская область,,,,KG04,42.730284
2009,Нарынская область,,,,KG04,44.11792
2010,Нарынская область,,,,KG04,53.531335
2011,Нарынская область,,,,KG04,49.925098
2012,Нарынская область,,,,KG04,39.932299
2013,Нарынская область,,,,KG04,43.754395
2014,Нарынская область,,,,KG04,30.560927
2015,Нарынская область,,,,KG04,38.007029
2016,Нарынская область,,,,KG04,37.798212
2017,Нарынская область,,,,KG04,29.21834
2018,Нарынская область,,,,KG04,30.596328
2019,Нарынская область,,,,KG04,28.138698
2020,Нарынская область,,,,KG04,36.8
2021,Нарынская область,,,,KG04,39.151777
2022,Нарынская область,,,,KG04,42.049858
2007,Нарынская область,Женщины,,,KG04,46.868159
2008,Нарынская область,Женщины,,,KG04,42.698866
2009,Нарынская область,Женщины,,,KG04,44.838863
2010,Нарынская область,Женщины,,,KG04,53.397509
2011,Нарынская область,Женщины,,,KG04,48.269824
2012,Нарынская область,Женщины,,,KG04,37.664069
2013,Нарынская область,Женщины,,,KG04,44.781415
2014,Нарынская область,Женщины,,,KG04,32.369301
2015,Нарынская область,Женщины,,,KG04,39.504744
2016,Нарынская область,Женщины,,,KG04,39.601891
2017,Нарынская область,Женщины,,,KG04,31.189138
2018,Нарынская область,Женщины,,,KG04,31.5949
2019,Нарынская область,Женщины,,,KG04,28.978045
2020,Нарынская область,Женщины,,,KG04,37.6
2021,Нарынская область,Женщины,,,KG04,39.257524
2022,Нарынская область,Женщины,,,KG04,42.689244
2007,Нарынская область,Мужчины,,,KG04,43.678265
2008,Нарынская область,Мужчины,,,KG04,42.757725
2009,Нарынская область,Мужчины,,,KG04,43.496308
2010,Нарынская область,Мужчины,,,KG04,53.676668
2011,Нарынская область,Мужчины,,,KG04,51.728537
2012,Нарынская область,Мужчины,,,KG04,42.395906
2013,Нарынская область,Мужчины,,,KG04,42.671843
2014,Нарынская область,Мужчины,,,KG04,28.643083
2015,Нарынская область,Мужчины,,,KG04,36.407725
2016,Нарынская область,Мужчины,,,KG04,35.859946
2017,Нарынская область,Мужчины,,,KG04,27.069804
2018,Нарынская область,Мужчины,,,KG04,29.460632
2019,Нарынская область,Мужчины,,,KG04,27.215175
2020,Нарынская область,Мужчины,,,KG04,35.9
2021,Нарынская область,Мужчины,,,KG04,39.034895
2022,Нарынская область,Мужчины,,,KG04,41.380597
2007,Ошская область,,,,KG06,46.59161
2008,Ошская область,,,,KG06,37.452826
2009,Ошская область,,,,KG06,38.292036
2010,Ошская область,,,,KG06,41.897118
2011,Ошская область,,,,KG06,44.680774
2012,Ошская область,,,,KG06,51.433698
2013,Ошская область,,,,KG06,43.409369
2014,Ошская область,,,,KG06,31.74014
2015,Ошская область,,,,KG06,28.944511
2016,Ошская область,,,,KG06,22.024663
2017,Ошская область,,,,KG06,14.267617
2018,Ошская область,,,,KG06,14.77862
2019,Ошская область,,,,KG06,14.029578
2020,Ошская область,,,,KG06,18.8
2021,Ошская область,,,,KG06,23.758245
2022,Ошская область,,,,KG06,19.945481
2007,Ошская область,Женщины,,,KG06,48.708186
2008,Ошская область,Женщины,,,KG06,37.931554
2009,Ошская область,Женщины,,,KG06,38.334636
2010,Ошская область,Женщины,,,KG06,40.639754
2011,Ошская область,Женщины,,,KG06,44.169695
2012,Ошская область,Женщины,,,KG06,50.553916
2013,Ошская область,Женщины,,,KG06,42.660819
2014,Ошская область,Женщины,,,KG06,30.494417
2015,Ошская область,Женщины,,,KG06,28.438703
2016,Ошская область,Женщины,,,KG06,21.810872
2017,Ошская область,Женщины,,,KG06,12.948415
2018,Ошская область,Женщины,,,KG06,15.25625
2019,Ошская область,Женщины,,,KG06,14.136274
2020,Ошская область,Женщины,,,KG06,18.9
2021,Ошская область,Женщины,,,KG06,23.60099
2022,Ошская область,Женщины,,,KG06,20.799188
2007,Ошская область,Мужчины,,,KG06,44.295394
2008,Ошская область,Мужчины,,,KG06,36.91306
2009,Ошская область,Мужчины,,,KG06,38.245332
2010,Ошская область,Мужчины,,,KG06,43.246261
2011,Ошская область,Мужчины,,,KG06,45.24075
2012,Ошская область,Мужчины,,,KG06,52.41883
2013,Ошская область,Мужчины,,,KG06,44.228326
2014,Ошская область,Мужчины,,,KG06,33.102942
2015,Ошская область,Мужчины,,,KG06,29.48951
2016,Ошская область,Мужчины,,,KG06,22.264453
2017,Ошская область,Мужчины,,,KG06,15.723495
2018,Ошская область,Мужчины,,,KG06,14.253422
2019,Ошская область,Мужчины,,,KG06,13.910068
2020,Ошская область,Мужчины,,,KG06,18.7
2021,Ошская область,Мужчины,,,KG06,23.928052
2022,Ошская область,Мужчины,,,KG06,19.013188
2007,Таласская область,,,,KG07,35.259053
2008,Таласская область,,,,KG07,42.972123
2009,Таласская область,,,,KG07,33.003964
2010,Таласская область,,,,KG07,42.338833
2011,Таласская область,,,,KG07,50.172706
2012,Таласская область,,,,KG07,39.57478
2013,Таласская область,,,,KG07,23.057182
2014,Таласская область,,,,KG07,19.048344
2015,Таласская область,,,,KG07,21.481514
2016,Таласская область,,,,KG07,18.115851
2017,Таласская область,,,,KG07,20.679703
2018,Таласская область,,,,KG07,22.085934
2019,Таласская область,,,,KG07,13.290366
2020,Таласская область,,,,KG07,12.5
2021,Таласская область,,,,KG07,23.479874
2022,Таласская область,,,,KG07,23.919779
2007,Таласская область,Женщины,,,KG07,35.524401
2008,Таласская область,Женщины,,,KG07,45.40342
2009,Таласская область,Женщины,,,KG07,35.673722
2010,Таласская область,Женщины,,,KG07,44.324841
2011,Таласская область,Женщины,,,KG07,51.365667
2012,Таласская область,Женщины,,,KG07,42.155403
2013,Таласская область,Женщины,,,KG07,23.320678
2014,Таласская область,Женщины,,,KG07,19.717988
2015,Таласская область,Женщины,,,KG07,22.565255
2016,Таласская область,Женщины,,,KG07,19.131642
2017,Таласская область,Женщины,,,KG07,21.40538
2018,Таласская область,Женщины,,,KG07,23.802663
2019,Таласская область,Женщины,,,KG07,13.968631
2020,Таласская область,Женщины,,,KG07,12.1
2021,Таласская область,Женщины,,,KG07,24.191255
2022,Таласская область,Женщины,,,KG07,23.962041
2007,Таласская область,Мужчины,,,KG07,34.937966
2008,Таласская область,Мужчины,,,KG07,40.025342
2009,Таласская область,Мужчины,,,KG07,29.757565
2010,Таласская область,Мужчины,,,KG07,40.090318
2011,Таласская область,Мужчины,,,KG07,48.834977
2012,Таласская область,Мужчины,,,KG07,36.737399
2013,Таласская область,Мужчины,,,KG07,22.797196
2014,Таласская область,Мужчины,,,KG07,18.38895
2015,Таласская область,Мужчины,,,KG07,20.402521
2016,Таласская область,Мужчины,,,KG07,17.094741
2017,Таласская область,Мужчины,,,KG07,19.940922
2018,Таласская область,Мужчины,,,KG07,20.340712
2019,Таласская область,Мужчины,,,KG07,12.593674
2020,Таласская область,Мужчины,,,KG07,12.9
2021,Таласская область,Мужчины,,,KG07,22.759796
2022,Таласская область,Мужчины,,,KG07,23.876854
2007,Чуйская область,,,,KG08,14.980994
2008,Чуйская область,,,,KG08,15.782631
2009,Чуйская область,,,,KG08,21.239381
2010,Чуйская область,,,,KG08,21.868453
2011,Чуйская область,,,,KG08,28.620908
2012,Чуйская область,,,,KG08,16.571766
2013,Чуйская область,,,,KG08,23.615399
2014,Чуйская область,,,,KG08,21.576154
2015,Чуйская область,,,,KG08,24.813851
2016,Чуйская область,,,,KG08,30.306457
2017,Чуйская область,,,,KG08,33.300588
2018,Чуйская область,,,,KG08,15.569903
2019,Чуйская область,,,,KG08,19.096515
2020,Чуйская область,,,,KG08,25.4
2021,Чуйская область,,,,KG08,27.00352
2022,Чуйская область,,,,KG08,26.113585
2007,Чуйская область,Женщины,,,KG08,13.323177
2008,Чуйская область,Женщины,,,KG08,14.947409
2009,Чуйская область,Женщины,,,KG08,20.612283
2010,Чуйская область,Женщины,,,KG08,21.810234
2011,Чуйская область,Женщины,,,KG08,31.580794
2012,Чуйская область,Женщины,,,KG08,16.336951
2013,Чуйская область,Женщины,,,KG08,23.536875
2014,Чуйская область,Женщины,,,KG08,20.781079
2015,Чуйская область,Женщины,,,KG08,24.23137
2016,Чуйская область,Женщины,,,KG08,29.796796
2017,Чуйская область,Женщины,,,KG08,32.33125
2018,Чуйская область,Женщины,,,KG08,15.460809
2019,Чуйская область,Женщины,,,KG08,19.149802
2020,Чуйская область,Женщины,,,KG08,24.3
2021,Чуйская область,Женщины,,,KG08,26.499911
2022,Чуйская область,Женщины,,,KG08,25.651528
2007,Чуйская область,Мужчины,,,KG08,16.816017
2008,Чуйская область,Мужчины,,,KG08,16.656433
2009,Чуйская область,Мужчины,,,KG08,21.936014
2010,Чуйская область,Мужчины,,,KG08,21.932251
2011,Чуйская область,Мужчины,,,KG08,25.292386
2012,Чуйская область,Мужчины,,,KG08,16.835987
2013,Чуйская область,Мужчины,,,KG08,23.697958
2014,Чуйская область,Мужчины,,,KG08,22.438097
2015,Чуйская область,Мужчины,,,KG08,25.448532
2016,Чуйская область,Мужчины,,,KG08,30.862157
2017,Чуйская область,Мужчины,,,KG08,34.357578
2018,Чуйская область,Мужчины,,,KG08,15.688805
2019,Чуйская область,Мужчины,,,KG08,19.037373
2020,Чуйская область,Мужчины,,,KG08,26.6
2021,Чуйская область,Мужчины,,,KG08,27.572067
2022,Чуйская область,Мужчины,,,KG08,26.620974
2007,г. Бишкек,,,,KG11,5.005041
2008,г. Бишкек,,,,KG11,15.199877
2009,г. Бишкек,,,,KG11,13.244359
2010,г. Бишкек,,,,KG11,7.89363
2011,г. Бишкек,,,,KG11,18.412319
2012,г. Бишкек,,,,KG11,21.394253
2013,г. Бишкек,,,,KG11,20.374195
2014,г. Бишкек,,,,KG11,17.559795
2015,г. Бишкек,,,,KG11,23.541813
2016,г. Бишкек,,,,KG11,9.78144
2017,г. Бишкек,,,,KG11,15.895977
2018,г. Бишкек,,,,KG11,15.431849
2019,г. Бишкек,,,,KG11,11.923173
2020,г. Бишкек,,,,KG11,16.8
2021,г. Бишкек,,,,KG11,35.769119
2022,г. Бишкек,,,,KG11,35.676666
2007,г. Бишкек,Женщины,,,KG11,4.99107
2008,г. Бишкек,Женщины,,,KG11,14.580408
2009,г. Бишкек,Женщины,,,KG11,12.694536
2010,г. Бишкек,Женщины,,,KG11,7.30227
2011,г. Бишкек,Женщины,,,KG11,17.126273
2012,г. Бишкек,Женщины,,,KG11,19.902241
2013,г. Бишкек,Женщины,,,KG11,18.389802
2014,г. Бишкек,Женщины,,,KG11,15.756847
2015,г. Бишкек,Женщины,,,KG11,22.249204
2016,г. Бишкек,Женщины,,,KG11,8.899379
2017,г. Бишкек,Женщины,,,KG11,14.320885
2018,г. Бишкек,Женщины,,,KG11,14.746661
2019,г. Бишкек,Женщины,,,KG11,10.945122
2020,г. Бишкек,Женщины,,,KG11,16.4
2021,г. Бишкек,Женщины,,,KG11,35.037028
2022,г. Бишкек,Женщины,,,KG11,34.026767
2007,г. Бишкек,Мужчины,,,KG11,5.022346
2008,г. Бишкек,Мужчины,,,KG11,15.989713
2009,г. Бишкек,Мужчины,,,KG11,13.950363
2010,г. Бишкек,Мужчины,,,KG11,8.654215
2011,г. Бишкек,Мужчины,,,KG11,20.038087
2012,г. Бишкек,Мужчины,,,KG11,23.294374
2013,г. Бишкек,Мужчины,,,KG11,22.845597
2014,г. Бишкек,Мужчины,,,KG11,19.854368
2015,г. Бишкек,Мужчины,,,KG11,25.206391
2016,г. Бишкек,Мужчины,,,KG11,10.893361
2017,г. Бишкек,Мужчины,,,KG11,17.858219
2018,г. Бишкек,Мужчины,,,KG11,16.325681
2019,г. Бишкек,Мужчины,,,KG11,13.205044
2020,г. Бишкек,Мужчины,,,KG11,17.3
2021,г. Бишкек,Мужчины,,,KG11,36.714713
2022,г. Бишкек,Мужчины,,,KG11,37.792274
2007,г. Ош,,,,KG21,0.0
2008,г. Ош,,,,KG21,0.0
2009,г. Ош,,,,KG21,0.0
2010,г. Ош,,,,KG21,0.0
2011,г. Ош,,,,KG21,0.0
2012,г. Ош,,,,KG21,0.0
2013,г. Ош,,,,KG21,40.875893
2014,г. Ош,,,,KG21,33.421786
2015,г. Ош,,,,KG21,38.278868
2016,г. Ош,,,,KG21,24.59944
2017,г. Ош,,,,KG21,33.489021
2018,г. Ош,,,,KG21,35.470048
2019,г. Ош,,,,KG21,20.664792
2020,г. Ош,,,,KG21,14.7
2021,г. Ош,,,,KG21,28.585005
2022,г. Ош,,,,KG21,26.602386
2007,г. Ош,Женщины,,,KG21,0.0
2008,г. Ош,Женщины,,,KG21,0.0
2009,г. Ош,Женщины,,,KG21,0.0
2010,г. Ош,Женщины,,,KG21,0.0
2011,г. Ош,Женщины,,,KG21,0.0
2012,г. Ош,Женщины,,,KG21,0.0
2013,г. Ош,Женщины,,,KG21,40.214977
2014,г. Ош,Женщины,,,KG21,31.961883
2015,г. Ош,Женщины,,,KG21,35.847234
2016,г. Ош,Женщины,,,KG21,23.187149
2017,г. Ош,Женщины,,,KG21,30.888271
2018,г. Ош,Женщины,,,KG21,33.89696
2019,г. Ош,Женщины,,,KG21,19.658728
2020,г. Ош,Женщины,,,KG21,14.7
2021,г. Ош,Женщины,,,KG21,27.745517
2022,г. Ош,Женщины,,,KG21,25.585637
2007,г. Ош,Мужчины,,,KG21,0.0
2008,г. Ош,Мужчины,,,KG21,0.0
2009,г. Ош,Мужчины,,,KG21,0.0
2010,г. Ош,Мужчины,,,KG21,0.0
2011,г. Ош,Мужчины,,,KG21,0.0
2012,г. Ош,Мужчины,,,KG21,0.0
2013,г. Ош,Мужчины,,,KG21,41.620642
2014,г. Ош,Мужчины,,,KG21,35.041318
2015,г. Ош,Мужчины,,,KG21,41.029123
2016,г. Ош,Мужчины,,,KG21,26.170219
2017,г. Ош,Мужчины,,,KG21,36.383303
2018,г. Ош,Мужчины,,,KG21,37.27373
2019,г. Ош,Мужчины,,,KG21,21.814125
2020,г. Ош,Мужчины,,,KG21,14.8
2021,г. Ош,Мужчины,,,KG21,29.549902
2022,г. Ош,Мужчины,,,KG21,27.750207
