Year,SERIES,Value
2007,"Доля расходов на основные услуги (образование, здравоохранение и социальную защиту) в общей сумме государственных расходов",43.1
2008,"Доля расходов на основные услуги (образование, здравоохранение и социальную защиту) в общей сумме государственных расходов",41.5
2009,"Доля расходов на основные услуги (образование, здравоохранение и социальную защиту) в общей сумме государственных расходов",39.0
2010,"Доля расходов на основные услуги (образование, здравоохранение и социальную защиту) в общей сумме государственных расходов",42.8
2011,"Доля расходов на основные услуги (образование, здравоохранение и социальную защиту) в общей сумме государственных расходов",45.3
2012,"Доля расходов на основные услуги (образование, здравоохранение и социальную защиту) в общей сумме государственных расходов",47.1
2013,"Доля расходов на основные услуги (образование, здравоохранение и социальную защиту) в общей сумме государственных расходов",51.6
2014,"Доля расходов на основные услуги (образование, здравоохранение и социальную защиту) в общей сумме государственных расходов",47.6
2015,"Доля расходов на основные услуги (образование, здравоохранение и социальную защиту) в общей сумме государственных расходов",46.8
2016,"Доля расходов на основные услуги (образование, здравоохранение и социальную защиту) в общей сумме государственных расходов",45.3
2017,"Доля расходов на основные услуги (образование, здравоохранение и социальную защиту) в общей сумме государственных расходов",45.3
2018,"Доля расходов на основные услуги (образование, здравоохранение и социальную защиту) в общей сумме государственных расходов",48.9
2019,"Доля расходов на основные услуги (образование, здравоохранение и социальную защиту) в общей сумме государственных расходов",49.2
2020,"Доля расходов на основные услуги (образование, здравоохранение и социальную защиту) в общей сумме государственных расходов",53.2
2021,"Доля расходов на основные услуги (образование, здравоохранение и социальную защиту) в общей сумме государственных расходов",47.8
2022,"Доля расходов на основные услуги (образование, здравоохранение и социальную защиту) в общей сумме государственных расходов",44.0
2007,"Доля расходов на основные услуги, образование, в общей сумме государственных расходов",22.4
2008,"Доля расходов на основные услуги, образование, в общей сумме государственных расходов",21.4
2009,"Доля расходов на основные услуги, образование, в общей сумме государственных расходов",19.6
2010,"Доля расходов на основные услуги, образование, в общей сумме государственных расходов",17.4
2011,"Доля расходов на основные услуги, образование, в общей сумме государственных расходов",19.9
2012,"Доля расходов на основные услуги, образование, в общей сумме государственных расходов",20.2
2013,"Доля расходов на основные услуги, образование, в общей сумме государственных расходов",20.8
2014,"Доля расходов на основные услуги, образование, в общей сумме государственных расходов",18.5
2015,"Доля расходов на основные услуги, образование, в общей сумме государственных расходов",18.9
2016,"Доля расходов на основные услуги, образование, в общей сумме государственных расходов",20.0
2017,"Доля расходов на основные услуги, образование, в общей сумме государственных расходов",19.4
2018,"Доля расходов на основные услуги, образование, в общей сумме государственных расходов",21.1
2019,"Доля расходов на основные услуги, образование, в общей сумме государственных расходов",21.4
2020,"Доля расходов на основные услуги, образование, в общей сумме государственных расходов",23.2
2021,"Доля расходов на основные услуги, образование, в общей сумме государственных расходов",20.7
2022,"Доля расходов на основные услуги, образование, в общей сумме государственных расходов",20.6
2007,Доля расходов на здравоохранение в общей сумме государственных расходов,10.2
2008,Доля расходов на здравоохранение в общей сумме государственных расходов,9.8
2009,Доля расходов на здравоохранение в общей сумме государственных расходов,9.9
2010,Доля расходов на здравоохранение в общей сумме государственных расходов,9.3
2011,Доля расходов на здравоохранение в общей сумме государственных расходов,9.9
2012,Доля расходов на здравоохранение в общей сумме государственных расходов,10.6
2013,Доля расходов на здравоохранение в общей сумме государственных расходов,11.3
2014,Доля расходов на здравоохранение в общей сумме государственных расходов,9.9
2015,Доля расходов на здравоохранение в общей сумме государственных расходов,9.5
2016,Доля расходов на здравоохранение в общей сумме государственных расходов,8.8
2017,Доля расходов на здравоохранение в общей сумме государственных расходов,9.7
2018,Доля расходов на здравоохранение в общей сумме государственных расходов,8.6
2019,Доля расходов на здравоохранение в общей сумме государственных расходов,8.3
2020,Доля расходов на здравоохранение в общей сумме государственных расходов,10.0
2021,Доля расходов на здравоохранение в общей сумме государственных расходов,9.8
2022,Доля расходов на здравоохранение в общей сумме государственных расходов,7.9
2007,Доля расходов на социальную защиту в общей сумме государственных расходов,10.5
2008,Доля расходов на социальную защиту в общей сумме государственных расходов,10.3
2009,Доля расходов на социальную защиту в общей сумме государственных расходов,9.5
2010,Доля расходов на социальную защиту в общей сумме государственных расходов,16.1
2011,Доля расходов на социальную защиту в общей сумме государственных расходов,15.5
2012,Доля расходов на социальную защиту в общей сумме государственных расходов,16.3
2013,Доля расходов на социальную защиту в общей сумме государственных расходов,19.5
2014,Доля расходов на социальную защиту в общей сумме государственных расходов,19.2
2015,Доля расходов на социальную защиту в общей сумме государственных расходов,18.4
2016,Доля расходов на социальную защиту в общей сумме государственных расходов,16.5
2017,Доля расходов на социальную защиту в общей сумме государственных расходов,16.2
2018,Доля расходов на социальную защиту в общей сумме государственных расходов,19.1
2019,Доля расходов на социальную защиту в общей сумме государственных расходов,19.5
2020,Доля расходов на социальную защиту в общей сумме государственных расходов,20.0
2021,Доля расходов на социальную защиту в общей сумме государственных расходов,17.3
2022,Доля расходов на социальную защиту в общей сумме государственных расходов,15.5
