Year,Территория,Возраст,Тип местности,Уровень дохода или квантиль благосостояния,Уровень образования,Статус инвалидности,GeoCode,Value
2018,,от 15 до 49 лет,,,,,,7.7
2018,,от 15 до 49 лет,Городская,,,,,7.9
2018,,от 15 до 49 лет,Сельская,,,,,7.6
2018,Баткенская область,от 15 до 49 лет,,,,,KG05,0.4
2018,Джалал-Абадская область,от 15 до 49 лет,,,,,KG03,7.3
2018,Иссык-Кульская область,от 15 до 49 лет,,,,,KG02,1.7
2018,Нарынская область,от 15 до 49 лет,,,,,KG04,2.8
2018,Ошская область,от 15 до 49 лет,,,,,KG06,6.5
2018,Таласская область,от 15 до 49 лет,,,,,KG07,5.0
2018,Чуйская область,от 15 до 49 лет,,,,,KG08,16.6
2018,г. Бишкек,от 15 до 49 лет,,,,,KG11,8.7
2018,г. Ош,от 15 до 49 лет,,,,,KG21,7.0
2018,,от 15 до 19 лет,,,,,,6.5
2018,,от 15 до 17 лет,,,,,,5.7
2018,,от 18 до 19 лет,,,,,,8.3
2018,,от 20 до 24 лет,,,,,,9.1
2018,,от 25 до 29 лет,,,,,,7.1
2018,,от 30 до 34 лет,,,,,,8.8
2018,,от 35 до 39 лет,,,,,,8.7
2018,,от 40 до 44 лет,,,,,,6.4
2018,,от 45 до 49 лет,,,,,,7.0
2018,,от 15 до 49 лет,,,Начальное образование,,,14.0
2018,,от 15 до 49 лет,,,Первый этап среднего образования,,,5.9
2018,,от 15 до 49 лет,,,Второй этап среднего образования,,,6.9
2018,,от 15 до 49 лет,,,Послесреднее нетретичное образование,,,8.2
2018,,от 18 до 49 лет,,,,Лица с инвалидностью,,20.7
2018,,от 18 до 49 лет,,,,Лица без инвалидности,,7.6
2018,,от 15 до 49 лет,,Квинтиль 1 (беднейшие),,,,6.0
2018,,от 15 до 49 лет,,Квинтиль 2,,,,6.7
2018,,от 15 до 49 лет,,Квинтиль 3,,,,9.7
2018,,от 15 до 49 лет,,Квинтиль 4,,,,7.1
2018,,от 15 до 49 лет,,Квинтиль 5 (богатейшие),,,,8.8
