Year,Территория,Пол,Возраст,Тип местности,Уровень дохода или квантиль благосостояния,Уровень образования,GeoCode,Value
2018,,,15 лет и старше,,,,,62.8
2019,,,15 лет и старше,,,,,64.089121
2020,,,15 лет и старше,,,,,72.0
2021,,,15 лет и старше,,,,,78.853813
2022,,,15 лет и старше,,,,,81.862017
2018,,,15 лет и старше,Городская,,,,67.1
2019,,,15 лет и старше,Городская,,,,71.135321
2020,,,15 лет и старше,Городская,,,,78.2
2021,,,15 лет и старше,Городская,,,,84.507279
2022,,,15 лет и старше,Городская,,,,86.585359
2018,,,15 лет и старше,Сельская,,,,60.2
2019,,,15 лет и старше,Сельская,,,,59.898501
2020,,,15 лет и старше,Сельская,,,,68.1
2021,,,15 лет и старше,Сельская,,,,75.327723
2022,,,15 лет и старше,Сельская,,,,78.874153
2018,,Мужчины,15 лет и старше,,,,,63.7
2019,,Мужчины,15 лет и старше,,,,,63.685825
2020,,Мужчины,15 лет и старше,,,,,72.8
2021,,Мужчины,15 лет и старше,,,,,79.192301
2022,,Мужчины,15 лет и старше,,,,,81.995002
2018,,Женщины,15 лет и старше,,,,,62.1
2019,,Женщины,15 лет и старше,,,,,64.425621
2020,,Женщины,15 лет и старше,,,,,71.2
2021,,Женщины,15 лет и старше,,,,,78.569896
2022,,Женщины,15 лет и старше,,,,,81.751191
2018,Баткенская область,,15 лет и старше,,,,KG05,43.5
2019,Баткенская область,,15 лет и старше,,,,KG05,58.014757
2020,Баткенская область,,15 лет и старше,,,,KG05,65.1
2021,Баткенская область,,15 лет и старше,,,,KG05,74.503222
2022,Баткенская область,,15 лет и старше,,,,KG05,77.522839
2018,Джалал-Абадская область,,15 лет и старше,,,,KG03,55.3
2019,Джалал-Абадская область,,15 лет и старше,,,,KG03,48.46669
2020,Джалал-Абадская область,,15 лет и старше,,,,KG03,53.9
2021,Джалал-Абадская область,,15 лет и старше,,,,KG03,64.077217
2022,Джалал-Абадская область,,15 лет и старше,,,,KG03,66.601699
2018,Иссык-Кульская область,,15 лет и старше,,,,KG02,54.2
2019,Иссык-Кульская область,,15 лет и старше,,,,KG02,59.724239
2020,Иссык-Кульская область,,15 лет и старше,,,,KG02,76.5
2021,Иссык-Кульская область,,15 лет и старше,,,,KG02,84.266839
2022,Иссык-Кульская область,,15 лет и старше,,,,KG02,85.894781
2018,Нарынская область,,15 лет и старше,,,,KG04,40.7
2019,Нарынская область,,15 лет и старше,,,,KG04,57.04217
2020,Нарынская область,,15 лет и старше,,,,KG04,66.4
2021,Нарынская область,,15 лет и старше,,,,KG04,75.633446
2022,Нарынская область,,15 лет и старше,,,,KG04,81.569751
2018,Ошская область,,15 лет и старше,,,,KG06,75.6
2019,Ошская область,,15 лет и старше,,,,KG06,67.924978
2020,Ошская область,,15 лет и старше,,,,KG06,75.8
2021,Ошская область,,15 лет и старше,,,,KG06,80.623149
2022,Ошская область,,15 лет и старше,,,,KG06,85.001032
2018,Таласская область,,15 лет и старше,,,,KG07,63.9
2019,Таласская область,,15 лет и старше,,,,KG07,58.276065
2020,Таласская область,,15 лет и старше,,,,KG07,67.6
2021,Таласская область,,15 лет и старше,,,,KG07,75.125517
2022,Таласская область,,15 лет и старше,,,,KG07,81.552074
2018,Чуйская область,,15 лет и старше,,,,KG08,65.8
2019,Чуйская область,,15 лет и старше,,,,KG08,68.069686
2020,Чуйская область,,15 лет и старше,,,,KG08,75.2
2021,Чуйская область,,15 лет и старше,,,,KG08,81.503126
2022,Чуйская область,,15 лет и старше,,,,KG08,82.790689
2018,г. Бишкек,,15 лет и старше,,,,KG11,69.7
2019,г. Бишкек,,15 лет и старше,,,,KG11,80.43023
2020,г. Бишкек,,15 лет и старше,,,,KG11,87.9
2021,г. Бишкек,,15 лет и старше,,,,KG11,91.007502
2022,г. Бишкек,,15 лет и старше,,,,KG11,93.317578
2018,г. Ош,,15 лет и старше,,,,KG21,68.5
2019,г. Ош,,15 лет и старше,,,,KG21,67.223678
2020,г. Ош,,15 лет и старше,,,,KG21,72.9
2021,г. Ош,,15 лет и старше,,,,KG21,83.858925
2022,г. Ош,,15 лет и старше,,,,KG21,84.019176
2018,,,от 15 до 28 лет,,,,,82.1
2019,,,от 15 до 28 лет,,,,,84.695277
2020,,,от 15 до 28 лет,,,,,86.1
2021,,,от 15 до 28 лет,,,,,92.988279
2022,,,от 15 до 28 лет,,,,,92.255125
2018,,,"от 29 до 62 лет (население трудоспособного возраста: женщины до 57 лет, мужчины до 62 лет)",,,,,63.1
2019,,,"от 29 до 62 лет (население трудоспособного возраста: женщины до 57 лет, мужчины до 62 лет)",,,,,66.216432
2020,,,"от 29 до 62 лет (население трудоспособного возраста: женщины до 57 лет, мужчины до 62 лет)",,,,,77.3
2021,,,"от 29 до 62 лет (население трудоспособного возраста: женщины до 57 лет, мужчины до 62 лет)",,,,,82.911602
2022,,,"от 29 до 62 лет (население трудоспособного возраста: женщины до 57 лет, мужчины до 62 лет)",,,,,86.955922
2018,,,"58 лет и старше (население старше струдоспособного возраста: женщины 58 лет и старше, мужчины 63 лет и старше)",,,,,25.9
2019,,,"58 лет и старше (население старше струдоспособного возраста: женщины 58 лет и старше, мужчины 63 лет и старше)",,,,,21.33701
2020,,,"58 лет и старше (население старше струдоспособного возраста: женщины 58 лет и старше, мужчины 63 лет и старше)",,,,,33.4
2021,,,"58 лет и старше (население старше струдоспособного возраста: женщины 58 лет и старше, мужчины 63 лет и старше)",,,,,44.839535
2022,,,"58 лет и старше (население старше струдоспособного возраста: женщины 58 лет и старше, мужчины 63 лет и старше)",,,,,51.996782
2018,,,15 лет и старше,,,Начальное образование,,47.9
2019,,,15 лет и старше,,,Начальное образование,,48.223983
2020,,,15 лет и старше,,,Начальное образование,,52.9
2021,,,15 лет и старше,,,Начальное образование,,64.794298
2022,,,15 лет и старше,,,Начальное образование,,67.149229
2018,,,15 лет и старше,,,Первый этап среднего образования,,69.5
2019,,,15 лет и старше,,,Первый этап среднего образования,,66.897515
2020,,,15 лет и старше,,,Первый этап среднего образования,,70.8
2021,,,15 лет и старше,,,Первый этап среднего образования,,81.511513
2022,,,15 лет и старше,,,Первый этап среднего образования,,82.153954
2018,,,15 лет и старше,,,Второй этап среднего образования,,56.1
2019,,,15 лет и старше,,,Второй этап среднего образования,,57.461271
2020,,,15 лет и старше,,,Второй этап среднего образования,,66.3
2021,,,15 лет и старше,,,Второй этап среднего образования,,73.697745
2022,,,15 лет и старше,,,Второй этап среднего образования,,77.337796
2018,,,15 лет и старше,,,Послесреднее нетретичное образование,,61.9
2019,,,15 лет и старше,,,Послесреднее нетретичное образование,,64.187427
2020,,,15 лет и старше,,,Послесреднее нетретичное образование,,74.7
2021,,,15 лет и старше,,,Послесреднее нетретичное образование,,80.698145
2022,,,15 лет и старше,,,Послесреднее нетретичное образование,,85.338722
2018,,,15 лет и старше,,,Высшее образование (бакалавриат и магистратура или эквиваленты),,81.1
2019,,,15 лет и старше,,,Высшее образование (бакалавриат и магистратура или эквиваленты),,83.898865
2020,,,15 лет и старше,,,Высшее образование (бакалавриат и магистратура или эквиваленты),,89.6
2021,,,15 лет и старше,,,Высшее образование (бакалавриат и магистратура или эквиваленты),,92.501625
2022,,,15 лет и старше,,,Высшее образование (бакалавриат и магистратура или эквиваленты),,93.651283
2018,,,15 лет и старше,,Квинтиль 1 (беднейшие),,,48.021936
2019,,,15 лет и старше,,Квинтиль 1 (беднейшие),,,51.351216
2020,,,15 лет и старше,,Квинтиль 1 (беднейшие),,,63.6
2021,,,15 лет и старше,,Квинтиль 1 (беднейшие),,,70.906713
2022,,,15 лет и старше,,Квинтиль 1 (беднейшие),,,79.090401
2018,,,15 лет и старше,,Квинтиль 2,,,59.801066
2019,,,15 лет и старше,,Квинтиль 2,,,63.874815
2020,,,15 лет и старше,,Квинтиль 2,,,72.1
2021,,,15 лет и старше,,Квинтиль 2,,,78.880477
2022,,,15 лет и старше,,Квинтиль 2,,,80.566669
2018,,,15 лет и старше,,Квинтиль 3,,,64.756488
2019,,,15 лет и старше,,Квинтиль 3,,,64.519088
2020,,,15 лет и старше,,Квинтиль 3,,,75.0
2021,,,15 лет и старше,,Квинтиль 3,,,81.98765
2022,,,15 лет и старше,,Квинтиль 3,,,80.883656
2018,,,15 лет и старше,,Квинтиль 4,,,67.075448
2019,,,15 лет и старше,,Квинтиль 4,,,69.120333
2020,,,15 лет и старше,,Квинтиль 4,,,73.8
2021,,,15 лет и старше,,Квинтиль 4,,,80.196917
2022,,,15 лет и старше,,Квинтиль 4,,,84.475532
2018,,,15 лет и старше,,Квинтиль 5 (богатейшие),,,69.456488
2019,,,15 лет и старше,,Квинтиль 5 (богатейшие),,,67.9194
2020,,,15 лет и старше,,Квинтиль 5 (богатейшие),,,77.7
2021,,,15 лет и старше,,Квинтиль 5 (богатейшие),,,83.545634
2022,,,15 лет и старше,,Квинтиль 5 (богатейшие),,,85.812954
