Year,Территория,GeoCode,Value
2007,,,98.436866
2008,,,98.483992
2009,,,98.495642
2010,,,98.309687
2011,,,98.622407
2012,,,98.838817
2013,,,98.985022
2014,,,99.176724
2015,,,99.230049
2016,,,99.185581
2017,,,99.3
2018,,,99.3
2019,,,99.348833
2020,,,99.3
2021,,,99.4
2022,,,99.5
2007,Баткенская область,KG05,97.74409
2008,Баткенская область,KG05,97.474925
2009,Баткенская область,KG05,98.874508
2010,Баткенская область,KG05,96.861772
2011,Баткенская область,KG05,97.13801
2012,Баткенская область,KG05,98.465778
2013,Баткенская область,KG05,99.080933
2014,Баткенская область,KG05,99.356181
2015,Баткенская область,KG05,99.261631
2016,Баткенская область,KG05,98.979592
2017,Баткенская область,KG05,99.2
2018,Баткенская область,KG05,99.4
2019,Баткенская область,KG05,99.335614
2020,Баткенская область,KG05,99.371421
2021,Баткенская область,KG05,98.1
2022,Баткенская область,KG05,99.358544
2007,Джалал-Абадская область,KG03,98.959241
2008,Джалал-Абадская область,KG03,98.575021
2009,Джалал-Абадская область,KG03,98.923445
2010,Джалал-Абадская область,KG03,98.940709
2011,Джалал-Абадская область,KG03,99.115744
2012,Джалал-Абадская область,KG03,99.045346
2013,Джалал-Абадская область,KG03,99.080837
2014,Джалал-Абадская область,KG03,99.16137
2015,Джалал-Абадская область,KG03,99.299119
2016,Джалал-Абадская область,KG03,99.265036
2017,Джалал-Абадская область,KG03,99.4
2018,Джалал-Абадская область,KG03,99.4
2019,Джалал-Абадская область,KG03,99.331319
2020,Джалал-Абадская область,KG03,99.319469
2021,Джалал-Абадская область,KG03,99.319469
2022,Джалал-Абадская область,KG03,99.400057
2007,Иссык-Кульская область,KG02,99.294245
2008,Иссык-Кульская область,KG02,99.008513
2009,Иссык-Кульская область,KG02,99.274602
2010,Иссык-Кульская область,KG02,99.414531
2011,Иссык-Кульская область,KG02,99.463221
2012,Иссык-Кульская область,KG02,99.435996
2013,Иссык-Кульская область,KG02,99.427262
2014,Иссык-Кульская область,KG02,99.451005
2015,Иссык-Кульская область,KG02,99.391542
2016,Иссык-Кульская область,KG02,99.422551
2017,Иссык-Кульская область,KG02,99.5
2018,Иссык-Кульская область,KG02,99.5
2019,Иссык-Кульская область,KG02,99.485976
2020,Иссык-Кульская область,KG02,99.442213
2021,Иссык-Кульская область,KG02,99.442213
2022,Иссык-Кульская область,KG02,99.513195
2007,Нарынская область,KG04,97.720601
2008,Нарынская область,KG04,98.116039
2009,Нарынская область,KG04,98.275296
2010,Нарынская область,KG04,97.822417
2011,Нарынская область,KG04,98.680426
2012,Нарынская область,KG04,98.696845
2013,Нарынская область,KG04,98.717291
2014,Нарынская область,KG04,98.817416
2015,Нарынская область,KG04,98.774112
2016,Нарынская область,KG04,98.787433
2017,Нарынская область,KG04,99.0
2018,Нарынская область,KG04,99.2
2019,Нарынская область,KG04,99.123344
2020,Нарынская область,KG04,98.766882
2021,Нарынская область,KG04,99.1
2022,Нарынская область,KG04,99.23243
2007,Ошская область,KG06,96.877363
2008,Ошская область,KG06,97.394325
2009,Ошская область,KG06,96.451545
2010,Ошская область,KG06,96.52909
2011,Ошская область,KG06,97.299639
2012,Ошская область,KG06,97.817694
2013,Ошская область,KG06,98.222659
2014,Ошская область,KG06,98.874035
2015,Ошская область,KG06,99.087129
2016,Ошская область,KG06,99.070282
2017,Ошская область,KG06,99.1
2018,Ошская область,KG06,99.1
2019,Ошская область,KG06,99.216847
2020,Ошская область,KG06,99.212798
2021,Ошская область,KG06,99.3
2022,Ошская область,KG06,99.453094
2007,Таласская область,KG07,99.285714
2008,Таласская область,KG07,99.252883
2009,Таласская область,KG07,99.270189
2010,Таласская область,KG07,99.485821
2011,Таласская область,KG07,99.688576
2012,Таласская область,KG07,99.660672
2013,Таласская область,KG07,99.694501
2014,Таласская область,KG07,99.680296
2015,Таласская область,KG07,99.729775
2016,Таласская область,KG07,99.713877
2017,Таласская область,KG07,99.5
2018,Таласская область,KG07,99.7
2019,Таласская область,KG07,99.610751
2020,Таласская область,KG07,99.79916
2021,Таласская область,KG07,99.79916
2022,Таласская область,KG07,99.686258
2007,Чуйская область,KG08,99.023641
2008,Чуйская область,KG08,99.18247
2009,Чуйская область,KG08,99.161879
2010,Чуйская область,KG08,99.199707
2011,Чуйская область,KG08,99.107284
2012,Чуйская область,KG08,99.152542
2013,Чуйская область,KG08,99.134263
2014,Чуйская область,KG08,99.23354
2015,Чуйская область,KG08,99.163311
2016,Чуйская область,KG08,99.176269
2017,Чуйская область,KG08,99.2
2018,Чуйская область,KG08,99.2
2019,Чуйская область,KG08,99.366992
2020,Чуйская область,KG08,99.146992
2021,Чуйская область,KG08,99.3
2022,Чуйская область,KG08,99.425254
2007,г. Бишкек,KG11,99.435435
2008,г. Бишкек,KG11,99.586624
2009,г. Бишкек,KG11,99.621193
2010,г. Бишкек,KG11,99.598067
2011,г. Бишкек,KG11,99.46062
2012,г. Бишкек,KG11,99.614421
2013,г. Бишкек,KG11,99.611183
2014,г. Бишкек,KG11,99.609444
2015,г. Бишкек,KG11,99.494367
2016,г. Бишкек,KG11,99.479551
2017,г. Бишкек,KG11,99.5
2018,г. Бишкек,KG11,99.6
2019,г. Бишкек,KG11,99.478079
2020,г. Бишкек,KG11,99.53837
2021,г. Бишкек,KG11,99.53837
2022,г. Бишкек,KG11,99.561275
2007,г. Ош,KG21,98.916283
2008,г. Ош,KG21,98.982971
2009,г. Ош,KG21,98.918685
2010,г. Ош,KG21,97.390903
2011,г. Ош,KG21,99.342208
2012,г. Ош,KG21,98.973247
2013,г. Ош,KG21,99.300699
2014,г. Ош,KG21,99.388163
2015,г. Ош,KG21,99.258076
2016,г. Ош,KG21,99.319952
2017,г. Ош,KG21,99.5
2018,г. Ош,KG21,99.7
2019,г. Ош,KG21,99.537118
2020,г. Ош,KG21,99.765564
2021,г. Ош,KG21,99.765564
2022,г. Ош,KG21,99.831561
