Year,Территория,Тип местности,GeoCode,Value
2018,,,,99.7
2018,,Городская,,99.8
2018,,Сельская,,99.6
2018,Баткенская область,,KG05,99.7
2018,Джалал-Абадская область,,KG03,99.4
2018,Иссык-Кульская область,,KG02,100.0
2018,Нарынская область,,KG04,99.7
2018,Ошская область,,KG06,99.8
2018,Таласская область,,KG07,100.0
2018,Чуйская область,,KG08,99.5
2018,г. Бишкек,,KG11,99.9
2018,г. Ош,,KG21,99.5
