Year,Series,Value
2007,Число филиалов коммерческих банков на 100 000 взрослых,6.107469
2008,Число филиалов коммерческих банков на 100 000 взрослых,6.545429
2009,Число филиалов коммерческих банков на 100 000 взрослых,6.616596
2010,Число филиалов коммерческих банков на 100 000 взрослых,5.693048999999999
2011,Число филиалов коммерческих банков на 100 000 взрослых,6.772417999999999
2012,Число филиалов коммерческих банков на 100 000 взрослых,7.28108
2013,Число филиалов коммерческих банков на 100 000 взрослых,7.394386
2014,Число филиалов коммерческих банков на 100 000 взрослых,7.425508
2015,Число филиалов коммерческих банков на 100 000 взрослых,7.827334
2016,Число филиалов коммерческих банков на 100 000 взрослых,7.948410000000001
2017,Число филиалов коммерческих банков на 100 000 взрослых,7.710477
2018,Число филиалов коммерческих банков на 100 000 взрослых,7.640969
2019,Число филиалов коммерческих банков на 100 000 взрослых,7.566574
2007,Число банкоматов на 100 000 взрослых,2.471394
2008,Число банкоматов на 100 000 взрослых,4.888003
2009,Число банкоматов на 100 000 взрослых,8.720619000000001
2010,Число банкоматов на 100 000 взрослых,7.554757
2011,Число банкоматов на 100 000 взрослых,12.265008
2012,Число банкоматов на 100 000 взрослых,15.97647
2013,Число банкоматов на 100 000 взрослых,21.075288
2014,Число банкоматов на 100 000 взрослых,25.292345
2015,Число банкоматов на 100 000 взрослых,30.810779999999998
2016,Число банкоматов на 100 000 взрослых,31.891768
2017,Число банкоматов на 100 000 взрослых,34.153303
2018,Число банкоматов на 100 000 взрослых,37.681164
2019,Число банкоматов на 100 000 взрослых,40.105182
