Year,concept.SEX,concept.AGE,concept.URBANISATION,concept.ACTIVITY,Value
2007,,,,,1514.8
2008,,,,,1559.6
2009,,,,,1592.9
2010,,,,,1589.7
2011,,,,,1603.9
2012,,,,,1602.8
2013,,,,,1629.1
2014,,,,,1653.0
2015,,,,,1686.4
2016,,,,,1683.0
2017,,,,,1611.3
2018,,,,,1686.9
2007,Смоделированные данные,,,,928.9
2008,Смоделированные данные,,,,936.1
2009,Смоделированные данные,,,,983.6
2010,Смоделированные данные,,,,993.8
2011,Смоделированные данные,,,,999.9
2012,Смоделированные данные,,,,1008.4
2013,Смоделированные данные,,,,1044.3
2014,Смоделированные данные,,,,1040.6
2015,Смоделированные данные,,,,1077.9
2016,Смоделированные данные,,,,1095.7
2017,Смоделированные данные,,,,1074.4
2018,Смоделированные данные,,,,1131.7
2007,Женщины,,,,585.9
2008,Женщины,,,,623.5
2009,Женщины,,,,609.4
2010,Женщины,,,,595.9
2011,Женщины,,,,604.0
2012,Женщины,,,,594.4
2013,Женщины,,,,584.8
2014,Женщины,,,,612.3
2015,Женщины,,,,608.5
2016,Женщины,,,,587.3
2017,Женщины,,,,536.9
2018,Женщины,,,,555.2
2007,,от 15 до 19 лет ,,,129.7
2008,,от 15 до 19 лет ,,,130.2
2009,,от 15 до 19 лет ,,,139.2
2010,,от 15 до 19 лет ,,,128.9
2011,,от 15 до 19 лет ,,,120.5
2012,,от 15 до 19 лет ,,,109.0
2013,,от 15 до 19 лет ,,,126.1
2014,,от 15 до 19 лет ,,,108.0
2015,,от 15 до 19 лет ,,,101.7
2016,,от 15 до 19 лет ,,,85.0
2017,,от 15 до 19 лет ,,,71.1
2018,,от 15 до 19 лет ,,,76.5
2007,,от 20 до 29 лет,,,463.8
2008,,от 20 до 29 лет,,,485.6
2009,,от 20 до 29 лет,,,492.5
2010,,от 20 до 29 лет,,,500.9
2011,,от 20 до 29 лет,,,502.9
2012,,от 20 до 29 лет,,,497.3
2013,,от 20 до 29 лет,,,523.0
2014,,от 20 до 29 лет,,,516.5
2015,,от 20 до 29 лет,,,516.1
2016,,от 20 до 29 лет,,,518.7
2017,,от 20 до 29 лет,,,499.3
2018,,от 20 до 29 лет,,,500.7
2007,,от 30 до 39 лет ,,,408.9
2008,,от 30 до 39 лет ,,,416.3
2009,,от 30 до 39 лет ,,,408.1
2010,,от 30 до 39 лет ,,,406.5
2011,,от 30 до 39 лет ,,,403.8
2012,,от 30 до 39 лет ,,,397.8
2013,,от 30 до 39 лет ,,,411.3
2014,,от 30 до 39 лет ,,,437.4
2015,,от 30 до 39 лет ,,,449.1
2016,,от 30 до 39 лет ,,,446.8
2017,,от 30 до 39 лет ,,,447.3
2018,,от 30 до 39 лет ,,,463.0
2007,,от 40 до 49 лет ,,,328.7
2008,,от 40 до 49 лет ,,,335.8
2009,,от 40 до 49 лет ,,,343.1
2010,,от 40 до 49 лет ,,,336.4
2011,,от 40 до 49 лет ,,,341.3
2012,,от 40 до 49 лет ,,,356.0
2013,,от 40 до 49 лет ,,,348.4
2014,,от 40 до 49 лет ,,,352.0
2015,,от 40 до 49 лет ,,,361.7
2016,,от 40 до 49 лет ,,,371.4
2017,,от 40 до 49 лет ,,,344.5
2018,,от 40 до 49 лет ,,,367.3
2007,,от 50 до 59 лет,,,149.3
2008,,от 50 до 59 лет,,,154.0
2009,,от 50 до 59 лет,,,168.4
2010,,от 50 до 59 лет,,,174.3
2011,,от 50 до 59 лет,,,187.7
2012,,от 50 до 59 лет,,,194.5
2013,,от 50 до 59 лет,,,181.4
2014,,от 50 до 59 лет,,,197.0
2015,,от 50 до 59 лет,,,207.4
2016,,от 50 до 59 лет,,,209.4
2017,,от 50 до 59 лет,,,204.3
2018,,от 50 до 59 лет,,,222.7
2007,,от 65 до 69 лет,,,26.0
2008,,от 65 до 69 лет,,,29.0
2009,,от 65 до 69 лет,,,29.7
2010,,от 65 до 69 лет,,,32.3
2011,,от 65 до 69 лет,,,36.5
2012,,от 65 до 69 лет,,,38.0
2013,,от 65 до 69 лет,,,31.5
2014,,от 65 до 69 лет,,,35.3
2015,,от 65 до 69 лет,,,43.5
2016,,от 65 до 69 лет,,,45.4
2017,,от 65 до 69 лет,,,40.5
2018,,от 65 до 69 лет,,,52.6
2007,,70 лет и старше,,,8.5
2008,,70 лет и старше,,,8.7
2009,,70 лет и старше,,,11.8
2010,,70 лет и старше,,,10.4
2011,,70 лет и старше,,,11.1
2012,,70 лет и старше,,,10.1
2013,,70 лет и старше,,,7.5
2014,,70 лет и старше,,,6.9
2015,,70 лет и старше,,,7.0
2016,,70 лет и старше,,,6.3
2017,,70 лет и старше,,,4.3
2018,,70 лет и старше,,,4.1
2007,,,Городское,,396.7
2008,,,Городское,,421.9
2009,,,Городское,,431.7
2010,,,Городское,,414.4
2011,,,Городское,,419.3
2012,,,Городское,,408.0
2013,,,Городское,,418.6
2014,,,Городское,,433.7
2015,,,Городское,,460.0
2016,,,Городское,,489.0
2017,,,Городское,,526.3
2018,,,Городское,,541.6
2007,,,Региональный ,,1118.1
2008,,,Региональный ,,1137.7
2009,,,Региональный ,,1161.2
2010,,,Региональный ,,1175.2
2011,,,Региональный ,,1184.6
2012,,,Региональный ,,1194.8
2013,,,Региональный ,,1210.5
2014,,,Региональный ,,1219.3
2015,,,Региональный ,,1226.5
2016,,,Региональный ,,1194.0
2017,,,Региональный ,,1085.0
2018,,,Региональный ,,1145.3
2007,,,,"Сельское хозяйство, лесоводство и рыболовство",755.3
2008,,,,"Сельское хозяйство, лесоводство и рыболовство",767.0
2009,,,,"Сельское хозяйство, лесоводство и рыболовство",740.5
2010,,,,"Сельское хозяйство, лесоводство и рыболовство",720.7
2011,,,,"Сельское хозяйство, лесоводство и рыболовство",719.4
2012,,,,"Сельское хозяйство, лесоводство и рыболовство",711.4
2013,,,,"Сельское хозяйство, лесоводство и рыболовство",731.6
2014,,,,"Сельское хозяйство, лесоводство и рыболовство",749.0
2015,,,,"Сельское хозяйство, лесоводство и рыболовство",710.1
2016,,,,"Сельское хозяйство, лесоводство и рыболовство",656.5
2017,,,,"Сельское хозяйство, лесоводство и рыболовство",497.7
2018,,,,"Сельское хозяйство, лесоводство и рыболовство",463.0
2007,,,,Промышленность,106.6
2008,,,,Промышленность,110.4
2009,,,,Промышленность,114.7
2010,,,,Промышленность,114.0
2011,,,,Промышленность,111.3
2012,,,,Промышленность,115.3
2013,,,,Промышленность,102.2
2014,,,,Промышленность,108.5
2015,,,,Промышленность,117.7
2016,,,,Промышленность,117.1
2017,,,,Промышленность,160.5
2018,,,,Промышленность,225.0
2007,,,,Строительство,172.5
2008,,,,Строительство,180.9
2009,,,,Строительство,204.7
2010,,,,Строительство,197.7
2011,,,,Строительство,204.9
2012,,,,Строительство,222.4
2013,,,,Строительство,210.0
2014,,,,Строительство,209.3
2015,,,,Строительство,222.7
2016,,,,Строительство,250.3
2017,,,,Строительство,221.8
2018,,,,Строительство,217.0
2007,,,,Прочие виды деятельности в сфере услуг,480.4
2008,,,,Прочие виды деятельности в сфере услуг,501.4
2009,,,,Прочие виды деятельности в сфере услуг,533.1
2010,,,,Прочие виды деятельности в сфере услуг,557.2
2011,,,,Прочие виды деятельности в сфере услуг,568.4
2012,,,,Прочие виды деятельности в сфере услуг,553.7
2013,,,,Прочие виды деятельности в сфере услуг,585.2
2014,,,,Прочие виды деятельности в сфере услуг,586.2
2015,,,,Прочие виды деятельности в сфере услуг,635.7
2016,,,,Прочие виды деятельности в сфере услуг,659.1
2017,,,,Прочие виды деятельности в сфере услуг,731.3
2018,,,,Прочие виды деятельности в сфере услуг,781.9
