Year,Множитель,SERIES,COMPOSITE_BREAKDOWN,UNIT_MEASURE,Value
2007,Миллионы,Объем пассажирских перевозок (пассажиро-километры),,Число,7037.4
2008,Миллионы,Объем пассажирских перевозок (пассажиро-километры),,Число,7541.0
2009,Миллионы,Объем пассажирских перевозок (пассажиро-километры),,Число,7834.7
2010,Миллионы,Объем пассажирских перевозок (пассажиро-километры),,Число,8122.4
2014,Миллионы,Объем пассажирских перевозок (пассажиро-километры),,Число,10776.8
2015,Миллионы,Объем пассажирских перевозок (пассажиро-километры),,Число,11012.5
2016,Миллионы,Объем пассажирских перевозок (пассажиро-километры),,Число,11333.6
2017,Миллионы,Объем пассажирских перевозок (пассажиро-километры),,Число,12279.3
2018,Миллионы,Объем пассажирских перевозок (пассажиро-километры),,Число,12516.2
2019,Миллионы,Объем пассажирских перевозок (пассажиро-километры),,Число,13135.1
2020,Миллионы,Объем пассажирских перевозок (пассажиро-километры),,Число,7381.8
2021,Миллионы,Объем пассажирских перевозок (пассажиро-километры),,Число,9090.7
2007,Миллионы,Объем пассажирских перевозок (пассажиро-километры),Вид транспорта: Железнодорожный,Число,59.9
2008,Миллионы,Объем пассажирских перевозок (пассажиро-километры),Вид транспорта: Железнодорожный,Число,90.2
2009,Миллионы,Объем пассажирских перевозок (пассажиро-километры),Вид транспорта: Железнодорожный,Число,106.1
2010,Миллионы,Объем пассажирских перевозок (пассажиро-километры),Вид транспорта: Железнодорожный,Число,98.7
2014,Миллионы,Объем пассажирских перевозок (пассажиро-километры),Вид транспорта: Железнодорожный,Число,42.9
2015,Миллионы,Объем пассажирских перевозок (пассажиро-километры),Вид транспорта: Железнодорожный,Число,40.8
2016,Миллионы,Объем пассажирских перевозок (пассажиро-километры),Вид транспорта: Железнодорожный,Число,40.8
2017,Миллионы,Объем пассажирских перевозок (пассажиро-километры),Вид транспорта: Железнодорожный,Число,43.4
2018,Миллионы,Объем пассажирских перевозок (пассажиро-километры),Вид транспорта: Железнодорожный,Число,35.0
2019,Миллионы,Объем пассажирских перевозок (пассажиро-километры),Вид транспорта: Железнодорожный,Число,37.1
2020,Миллионы,Объем пассажирских перевозок (пассажиро-километры),Вид транспорта: Железнодорожный,Число,6.8
2021,Миллионы,Объем пассажирских перевозок (пассажиро-километры),Вид транспорта: Железнодорожный,Число,21.0
2007,Миллионы,Объем пассажирских перевозок (пассажиро-километры),Вид транспорта: Автобус,Число,6162.6
2008,Миллионы,Объем пассажирских перевозок (пассажиро-километры),Вид транспорта: Автобус,Число,6508.6
2009,Миллионы,Объем пассажирских перевозок (пассажиро-километры),Вид транспорта: Автобус,Число,6806.8
2010,Миллионы,Объем пассажирских перевозок (пассажиро-километры),Вид транспорта: Автобус,Число,6810.0
2014,Миллионы,Объем пассажирских перевозок (пассажиро-километры),Вид транспорта: Автобус,Число,8000.0
2015,Миллионы,Объем пассажирских перевозок (пассажиро-километры),Вид транспорта: Автобус,Число,8410.4
2016,Миллионы,Объем пассажирских перевозок (пассажиро-километры),Вид транспорта: Автобус,Число,8839.3
2017,Миллионы,Объем пассажирских перевозок (пассажиро-километры),Вид транспорта: Автобус,Число,8931.5
2018,Миллионы,Объем пассажирских перевозок (пассажиро-километры),Вид транспорта: Автобус,Число,9305.6
2019,Миллионы,Объем пассажирских перевозок (пассажиро-километры),Вид транспорта: Автобус,Число,10490.2
2020,Миллионы,Объем пассажирских перевозок (пассажиро-километры),Вид транспорта: Автобус,Число,6035.6
2021,Миллионы,Объем пассажирских перевозок (пассажиро-километры),Вид транспорта: Автобус,Число,7066.7
2007,Миллионы,Объем пассажирских перевозок (пассажиро-километры),Вид транспорта: Троллейбус,Число,101.3
2008,Миллионы,Объем пассажирских перевозок (пассажиро-километры),Вид транспорта: Троллейбус,Число,71.1
2009,Миллионы,Объем пассажирских перевозок (пассажиро-километры),Вид транспорта: Троллейбус,Число,84.9
2010,Миллионы,Объем пассажирских перевозок (пассажиро-километры),Вид транспорта: Троллейбус,Число,100.9
2014,Миллионы,Объем пассажирских перевозок (пассажиро-километры),Вид транспорта: Троллейбус,Число,82.5
2015,Миллионы,Объем пассажирских перевозок (пассажиро-километры),Вид транспорта: Троллейбус,Число,95.6
2016,Миллионы,Объем пассажирских перевозок (пассажиро-километры),Вид транспорта: Троллейбус,Число,106.1
2017,Миллионы,Объем пассажирских перевозок (пассажиро-километры),Вид транспорта: Троллейбус,Число,120.1
2018,Миллионы,Объем пассажирских перевозок (пассажиро-километры),Вид транспорта: Троллейбус,Число,137.1
2019,Миллионы,Объем пассажирских перевозок (пассажиро-километры),Вид транспорта: Троллейбус,Число,148.8
2020,Миллионы,Объем пассажирских перевозок (пассажиро-километры),Вид транспорта: Троллейбус,Число,89.5
2021,Миллионы,Объем пассажирских перевозок (пассажиро-километры),Вид транспорта: Троллейбус,Число,126.0
2007,Миллионы,Объем пассажирских перевозок (пассажиро-километры),Вид транспорта: Такси,Число,204.3
2008,Миллионы,Объем пассажирских перевозок (пассажиро-километры),Вид транспорта: Такси,Число,235.8
2009,Миллионы,Объем пассажирских перевозок (пассажиро-километры),Вид транспорта: Такси,Число,265.0
2010,Миллионы,Объем пассажирских перевозок (пассажиро-километры),Вид транспорта: Такси,Число,298.6
2014,Миллионы,Объем пассажирских перевозок (пассажиро-километры),Вид транспорта: Такси,Число,471.4
2015,Миллионы,Объем пассажирских перевозок (пассажиро-километры),Вид транспорта: Такси,Число,499.6
2016,Миллионы,Объем пассажирских перевозок (пассажиро-километры),Вид транспорта: Такси,Число,546.0
2017,Миллионы,Объем пассажирских перевозок (пассажиро-километры),Вид транспорта: Такси,Число,569.1
2018,Миллионы,Объем пассажирских перевозок (пассажиро-километры),Вид транспорта: Такси,Число,642.4
2019,Миллионы,Объем пассажирских перевозок (пассажиро-километры),Вид транспорта: Такси,Число,752.0
2020,Миллионы,Объем пассажирских перевозок (пассажиро-километры),Вид транспорта: Такси,Число,712.2
2021,Миллионы,Объем пассажирских перевозок (пассажиро-километры),Вид транспорта: Такси,Число,787.0
2007,Миллионы,Объем пассажирских перевозок (пассажиро-километры),Вид транспорта: Воздушный,Число,509.3
2008,Миллионы,Объем пассажирских перевозок (пассажиро-километры),Вид транспорта: Воздушный,Число,635.3
2009,Миллионы,Объем пассажирских перевозок (пассажиро-километры),Вид транспорта: Воздушный,Число,571.9
2010,Миллионы,Объем пассажирских перевозок (пассажиро-километры),Вид транспорта: Воздушный,Число,814.2
2014,Миллионы,Объем пассажирских перевозок (пассажиро-километры),Вид транспорта: Воздушный,Число,2180.0
2015,Миллионы,Объем пассажирских перевозок (пассажиро-километры),Вид транспорта: Воздушный,Число,1966.1
2016,Миллионы,Объем пассажирских перевозок (пассажиро-километры),Вид транспорта: Воздушный,Число,1801.4
2017,Миллионы,Объем пассажирских перевозок (пассажиро-километры),Вид транспорта: Воздушный,Число,2615.2
2018,Миллионы,Объем пассажирских перевозок (пассажиро-километры),Вид транспорта: Воздушный,Число,2396.1
2019,Миллионы,Объем пассажирских перевозок (пассажиро-километры),Вид транспорта: Воздушный,Число,1707.0
2020,Миллионы,Объем пассажирских перевозок (пассажиро-километры),Вид транспорта: Воздушный,Число,537.7
2021,Миллионы,Объем пассажирских перевозок (пассажиро-километры),Вид транспорта: Воздушный,Число,1090.0
2007,Миллионы,Объем грузовых перевозок (тонн-километров),,Метрические тонны,2021.6
2008,Миллионы,Объем грузовых перевозок (тонн-километров),,Метрические тонны,2338.3
2009,Миллионы,Объем грузовых перевозок (тонн-километров),,Метрические тонны,2140.7
2010,Миллионы,Объем грузовых перевозок (тонн-километров),,Метрические тонны,2178.1
2014,Миллионы,Объем грузовых перевозок (тонн-километров),,Метрические тонны,2497.1
2015,Миллионы,Объем грузовых перевозок (тонн-километров),,Метрические тонны,2525.1
2016,Миллионы,Объем грузовых перевозок (тонн-километров),,Метрические тонны,2466.4
2017,Миллионы,Объем грузовых перевозок (тонн-километров),,Метрические тонны,2641.0
2018,Миллионы,Объем грузовых перевозок (тонн-километров),,Метрические тонны,2777.3
2019,Миллионы,Объем грузовых перевозок (тонн-километров),,Метрические тонны,2913.6
2020,Миллионы,Объем грузовых перевозок (тонн-километров),,Метрические тонны,2434.5
2021,Миллионы,Объем грузовых перевозок (тонн-километров),,Метрические тонны,2620.2
2007,Миллионы,Объем грузовых перевозок (тонн-километров),Вид транспорта: Железнодорожный,Метрические тонны,848.9
2008,Миллионы,Объем грузовых перевозок (тонн-километров),Вид транспорта: Железнодорожный,Метрические тонны,945.5
2009,Миллионы,Объем грузовых перевозок (тонн-километров),Вид транспорта: Железнодорожный,Метрические тонны,744.5
2010,Миллионы,Объем грузовых перевозок (тонн-километров),Вид транспорта: Железнодорожный,Метрические тонны,737.7
2014,Миллионы,Объем грузовых перевозок (тонн-километров),Вид транспорта: Железнодорожный,Метрические тонны,1010.0
2015,Миллионы,Объем грузовых перевозок (тонн-километров),Вид транспорта: Железнодорожный,Метрические тонны,917.8
2016,Миллионы,Объем грузовых перевозок (тонн-километров),Вид транспорта: Железнодорожный,Метрические тонны,807.0
2017,Миллионы,Объем грузовых перевозок (тонн-километров),Вид транспорта: Железнодорожный,Метрические тонны,937.3
2018,Миллионы,Объем грузовых перевозок (тонн-километров),Вид транспорта: Железнодорожный,Метрические тонны,950.7
2019,Миллионы,Объем грузовых перевозок (тонн-километров),Вид транспорта: Железнодорожный,Метрические тонны,870.4
2020,Миллионы,Объем грузовых перевозок (тонн-километров),Вид транспорта: Железнодорожный,Метрические тонны,937.5
2021,Миллионы,Объем грузовых перевозок (тонн-километров),Вид транспорта: Железнодорожный,Метрические тонны,1003.1
2007,Миллионы,Объем грузовых перевозок (тонн-километров),Вид транспорта: Автомобильный,Метрические тонны,902.5
2008,Миллионы,Объем грузовых перевозок (тонн-километров),Вид транспорта: Автомобильный,Метрические тонны,1113.9
2009,Миллионы,Объем грузовых перевозок (тонн-километров),Вид транспорта: Автомобильный,Метрические тонны,1256.4
2010,Миллионы,Объем грузовых перевозок (тонн-километров),Вид транспорта: Автомобильный,Метрические тонны,1281.5
2014,Миллионы,Объем грузовых перевозок (тонн-километров),Вид транспорта: Автомобильный,Метрические тонны,1264.7
2015,Миллионы,Объем грузовых перевозок (тонн-километров),Вид транспорта: Автомобильный,Метрические тонны,1401.7
2016,Миллионы,Объем грузовых перевозок (тонн-километров),Вид транспорта: Автомобильный,Метрические тонны,1501.3
2017,Миллионы,Объем грузовых перевозок (тонн-километров),Вид транспорта: Автомобильный,Метрические тонны,1527.1
2018,Миллионы,Объем грузовых перевозок (тонн-километров),Вид транспорта: Автомобильный,Метрические тонны,1624.0
2019,Миллионы,Объем грузовых перевозок (тонн-километров),Вид транспорта: Автомобильный,Метрические тонны,1841.9
2020,Миллионы,Объем грузовых перевозок (тонн-километров),Вид транспорта: Автомобильный,Метрические тонны,1281.2
2021,Миллионы,Объем грузовых перевозок (тонн-километров),Вид транспорта: Автомобильный,Метрические тонны,1348.4
2007,Миллионы,Объем грузовых перевозок (тонн-километров),Вид транспорта: Трубопроводный,Метрические тонны,218.3
2008,Миллионы,Объем грузовых перевозок (тонн-километров),Вид транспорта: Трубопроводный,Метрические тонны,211.5
2009,Миллионы,Объем грузовых перевозок (тонн-километров),Вид транспорта: Трубопроводный,Метрические тонны,90.0
2010,Миллионы,Объем грузовых перевозок (тонн-километров),Вид транспорта: Трубопроводный,Метрические тонны,91.5
2014,Миллионы,Объем грузовых перевозок (тонн-километров),Вид транспорта: Трубопроводный,Метрические тонны,135.2
2015,Миллионы,Объем грузовых перевозок (тонн-километров),Вид транспорта: Трубопроводный,Метрические тонны,145.9
2016,Миллионы,Объем грузовых перевозок (тонн-километров),Вид транспорта: Трубопроводный,Метрические тонны,140.7
2017,Миллионы,Объем грузовых перевозок (тонн-километров),Вид транспорта: Трубопроводный,Метрические тонны,163.5
2018,Миллионы,Объем грузовых перевозок (тонн-километров),Вид транспорта: Трубопроводный,Метрические тонны,192.8
2019,Миллионы,Объем грузовых перевозок (тонн-километров),Вид транспорта: Трубопроводный,Метрические тонны,192.8
2020,Миллионы,Объем грузовых перевозок (тонн-километров),Вид транспорта: Трубопроводный,Метрические тонны,208.6
2021,Миллионы,Объем грузовых перевозок (тонн-километров),Вид транспорта: Трубопроводный,Метрические тонны,248.0
2007,Тысячи,Объем грузовых перевозок (тонн-километров),Вид транспорта: Водный,Метрические тонны,4.8
2008,Тысячи,Объем грузовых перевозок (тонн-километров),Вид транспорта: Водный,Метрические тонны,8.0
2009,Тысячи,Объем грузовых перевозок (тонн-километров),Вид транспорта: Водный,Метрические тонны,4.4
2010,Тысячи,Объем грузовых перевозок (тонн-километров),Вид транспорта: Водный,Метрические тонны,3.0
2014,Тысячи,Объем грузовых перевозок (тонн-километров),Вид транспорта: Водный,Метрические тонны,2.8
2015,Тысячи,Объем грузовых перевозок (тонн-километров),Вид транспорта: Водный,Метрические тонны,2.3
2016,Тысячи,Объем грузовых перевозок (тонн-километров),Вид транспорта: Водный,Метрические тонны,0.5
2017,Тысячи,Объем грузовых перевозок (тонн-километров),Вид транспорта: Водный,Метрические тонны,0.0
2007,Тысячи,Объем грузовых перевозок (тонн-километров),Вид транспорта: Воздушный,Метрические тонны,47.1
2008,Тысячи,Объем грузовых перевозок (тонн-километров),Вид транспорта: Воздушный,Метрические тонны,59.4
2009,Тысячи,Объем грузовых перевозок (тонн-километров),Вид транспорта: Воздушный,Метрические тонны,45.4
2010,Тысячи,Объем грузовых перевозок (тонн-километров),Вид транспорта: Воздушный,Метрические тонны,64.4
2014,Тысячи,Объем грузовых перевозок (тонн-километров),Вид транспорта: Воздушный,Метрические тонны,83.4
2015,Тысячи,Объем грузовых перевозок (тонн-километров),Вид транспорта: Воздушный,Метрические тонны,57.4
2016,Тысячи,Объем грузовых перевозок (тонн-километров),Вид транспорта: Воздушный,Метрические тонны,16.9
2017,Тысячи,Объем грузовых перевозок (тонн-километров),Вид транспорта: Воздушный,Метрические тонны,13.1
2018,Тысячи,Объем грузовых перевозок (тонн-километров),Вид транспорта: Воздушный,Метрические тонны,9.8
2019,Тысячи,Объем грузовых перевозок (тонн-километров),Вид транспорта: Воздушный,Метрические тонны,8.5
2020,Тысячи,Объем грузовых перевозок (тонн-километров),Вид транспорта: Воздушный,Метрические тонны,7.2
2021,Тысячи,Объем грузовых перевозок (тонн-километров),Вид транспорта: Воздушный,Метрические тонны,20.7
